model,config,amortized_latency_ms,reports_per_second,tokens_per_second,peak_allocated_gib,peak_reserved_gib,generated_tokens
distilgpt2,FP32,38.993192461333166,25.645502121726256,1466.5782295431964,0.4486579895019531,0.48046875,7663
distilgpt2,FP16,38.61379617852951,25.897479630765535,1482.340811701281,0.2329263687133789,0.26171875,7670
distilgpt2,INT8-BnB,103.17286122729307,9.692471335043898,552.7601936000408,0.1942448616027832,0.224609375,7642
distilgpt2,NF4-BnB,71.00269576506828,14.08397229464036,805.4140275658885,0.17499160766601562,0.20703125,7663
gpt2,FP32,67.61569331692003,14.789466038792531,846.9728535947305,0.6558332443237305,0.685546875,7674
gpt2,FP16,66.75230360715024,14.98075640782656,854.797488762999,0.33485984802246094,0.392578125,7646
gpt2,INT8-BnB,198.95896496974044,5.026162053828987,288.06660129407925,0.2558736801147461,0.318359375,7680
gpt2,NF4-BnB,132.03809269245212,7.573571986754125,434.2369669718802,0.21877574920654297,0.2734375,7683
gpt2-medium,FP32,128.06040185517563,7.8088151021961245,438.4591405143555,1.6877880096435547,1.83203125,7524
gpt2-medium,FP16,123.95276075729461,8.067589571143538,454.13304578459486,0.8505020141601562,0.9296875,7543
gpt2-medium,INT8-BnB,396.0083225505677,2.525199454292546,141.75037533722784,0.5704340934753418,0.654296875,7522
gpt2-medium,NF4-BnB,253.02192331778247,3.9522266959612495,232.20806550226058,0.44713830947875977,0.53125,7873
biogpt,FP32,52.10024527788384,19.193767604477905,209.5558358608297,1.5667343139648438,1.677734375,1463
biogpt,FP16,50.187840661617805,19.925144951788507,215.75660690332182,0.7926025390625,0.892578125,1451
biogpt,INT8-BnB,278.1750962986097,3.5948581066600607,41.367695525894135,0.5185918807983398,0.63671875,1542
biogpt,NF4-BnB,115.00294895064252,8.69542919659551,87.79787838055019,0.37783193588256836,0.478515625,1353
pythia-1b,FP32,59.8403782125062,16.71112432559805,233.95574055837272,4.201765537261963,4.46484375,1876
pythia-1b,FP16,49.684021698394375,20.127195138720356,283.4329643788456,2.1143460273742676,2.205078125,1887
pythia-1b,INT8-BnB,179.65028337689478,5.566370290115625,79.92310774763031,1.372209072113037,1.447265625,1924
pythia-1b,NF4-BnB,85.46426569792762,11.700796722860611,160.58033711448257,1.0037879943847656,1.119140625,1839
biogpt-large,FP32,108.79017296594692,9.192006711056669,107.35440673734095,6.660217761993408,6.888671875,1565
biogpt-large,FP16,95.47882520162793,10.473526437806965,123.88462241734358,3.339409828186035,3.490234375,1585
biogpt-large,INT8-BnB,533.3271106677269,1.8750218768140203,23.311839155016102,1.9934654235839844,2.11328125,1666
biogpt-large,NF4-BnB,297.57567031531414,3.3604897837931107,42.70831419253483,1.3464670181274414,1.482421875,1703
