model,config,metric,old_value,cpu_replay_archived_predictions,new_gpu_value,delta_new_minus_old,source,status
distilgpt2,FP32,bleu_1,0.1174,0.1174,0.0581,-0.059300000000000005,<local>/runs/full_seed42_corrected_20260911/multimodel_benchmark.json,CORRECTED_GPU_RUN_COMPLETE
distilgpt2,FP32,bleu_4,0.0159,0.0159,0.0082,-0.0077,<local>/runs/full_seed42_corrected_20260911/multimodel_benchmark.json,CORRECTED_GPU_RUN_COMPLETE
distilgpt2,FP32,rouge_1,0.39,0.39,0.4449,0.054900000000000004,<local>/runs/full_seed42_corrected_20260911/multimodel_benchmark.json,CORRECTED_GPU_RUN_COMPLETE
distilgpt2,FP32,rouge_2,0.1997,0.1997,0.2019,0.0022000000000000075,<local>/runs/full_seed42_corrected_20260911/multimodel_benchmark.json,CORRECTED_GPU_RUN_COMPLETE
distilgpt2,FP32,rouge_l,0.2362,0.2362,0.0612,-0.175,<local>/runs/full_seed42_corrected_20260911/multimodel_benchmark.json,CORRECTED_GPU_RUN_COMPLETE
distilgpt2,FP32,ce_micro_f1,0.0753,0.0753,0.0581,-0.017200000000000007,<local>/runs/full_seed42_corrected_20260911/multimodel_benchmark.json,CORRECTED_GPU_RUN_COMPLETE
distilgpt2,FP32,ce_macro_f1,0.0645,0.0645,0.0365,-0.028000000000000004,<local>/runs/full_seed42_corrected_20260911/multimodel_benchmark.json,CORRECTED_GPU_RUN_COMPLETE
distilgpt2,FP16,bleu_1,0.1149,0.1149,0.0583,-0.056600000000000004,<local>/runs/full_seed42_corrected_20260911/multimodel_benchmark.json,CORRECTED_GPU_RUN_COMPLETE
distilgpt2,FP16,bleu_4,0.0161,0.0161,0.0083,-0.0078,<local>/runs/full_seed42_corrected_20260911/multimodel_benchmark.json,CORRECTED_GPU_RUN_COMPLETE
distilgpt2,FP16,rouge_1,0.3772,0.3772,0.4389,0.06170000000000003,<local>/runs/full_seed42_corrected_20260911/multimodel_benchmark.json,CORRECTED_GPU_RUN_COMPLETE
distilgpt2,FP16,rouge_2,0.1958,0.1958,0.2066,0.010800000000000004,<local>/runs/full_seed42_corrected_20260911/multimodel_benchmark.json,CORRECTED_GPU_RUN_COMPLETE
distilgpt2,FP16,rouge_l,0.2326,0.2326,0.0612,-0.1714,<local>/runs/full_seed42_corrected_20260911/multimodel_benchmark.json,CORRECTED_GPU_RUN_COMPLETE
distilgpt2,FP16,ce_micro_f1,0.0678,0.0678,0.0637,-0.0040999999999999925,<local>/runs/full_seed42_corrected_20260911/multimodel_benchmark.json,CORRECTED_GPU_RUN_COMPLETE
distilgpt2,FP16,ce_macro_f1,0.0474,0.0474,0.0376,-0.009799999999999996,<local>/runs/full_seed42_corrected_20260911/multimodel_benchmark.json,CORRECTED_GPU_RUN_COMPLETE
distilgpt2,FP16,FNF_rate,0.1692,0.1692,0.2324,0.0632,<local>/runs/full_seed42_corrected_20260911/multimodel_benchmark.json,CORRECTED_GPU_RUN_COMPLETE
distilgpt2,FP16,FPF_rate,0.0081,0.0081,0.034,0.025900000000000003,<local>/runs/full_seed42_corrected_20260911/multimodel_benchmark.json,CORRECTED_GPU_RUN_COMPLETE
distilgpt2,FP16,CFPR,0.9799,0.9799,0.9449,-0.03500000000000003,<local>/runs/full_seed42_corrected_20260911/multimodel_benchmark.json,CORRECTED_GPU_RUN_COMPLETE
distilgpt2,FP16,CFFR,0.0201,0.0201,0.0551,0.035,<local>/runs/full_seed42_corrected_20260911/multimodel_benchmark.json,CORRECTED_GPU_RUN_COMPLETE
distilgpt2,INT8-BnB,bleu_1,0.1176,0.1176,0.0561,-0.0615,<local>/runs/full_seed42_corrected_20260911/multimodel_benchmark.json,CORRECTED_GPU_RUN_COMPLETE
distilgpt2,INT8-BnB,bleu_4,0.0181,0.0181,0.0075,-0.010600000000000002,<local>/runs/full_seed42_corrected_20260911/multimodel_benchmark.json,CORRECTED_GPU_RUN_COMPLETE
distilgpt2,INT8-BnB,rouge_1,0.3923,0.3923,0.4324,0.040100000000000025,<local>/runs/full_seed42_corrected_20260911/multimodel_benchmark.json,CORRECTED_GPU_RUN_COMPLETE
distilgpt2,INT8-BnB,rouge_2,0.2093,0.2093,0.2001,-0.009200000000000014,<local>/runs/full_seed42_corrected_20260911/multimodel_benchmark.json,CORRECTED_GPU_RUN_COMPLETE
distilgpt2,INT8-BnB,rouge_l,0.2254,0.2254,0.0611,-0.1643,<local>/runs/full_seed42_corrected_20260911/multimodel_benchmark.json,CORRECTED_GPU_RUN_COMPLETE
distilgpt2,INT8-BnB,ce_micro_f1,0.0674,0.0674,0.0566,-0.010800000000000004,<local>/runs/full_seed42_corrected_20260911/multimodel_benchmark.json,CORRECTED_GPU_RUN_COMPLETE
distilgpt2,INT8-BnB,ce_macro_f1,0.0476,0.0476,0.0392,-0.008400000000000005,<local>/runs/full_seed42_corrected_20260911/multimodel_benchmark.json,CORRECTED_GPU_RUN_COMPLETE
distilgpt2,INT8-BnB,FNF_rate,0.5077,0.5077,0.573,0.06529999999999991,<local>/runs/full_seed42_corrected_20260911/multimodel_benchmark.json,CORRECTED_GPU_RUN_COMPLETE
distilgpt2,INT8-BnB,FPF_rate,0.036,0.036,0.0495,0.013500000000000005,<local>/runs/full_seed42_corrected_20260911/multimodel_benchmark.json,CORRECTED_GPU_RUN_COMPLETE
distilgpt2,INT8-BnB,CFPR,0.9288,0.9288,0.8949,-0.03389999999999993,<local>/runs/full_seed42_corrected_20260911/multimodel_benchmark.json,CORRECTED_GPU_RUN_COMPLETE
distilgpt2,INT8-BnB,CFFR,0.0712,0.0712,0.1051,0.0339,<local>/runs/full_seed42_corrected_20260911/multimodel_benchmark.json,CORRECTED_GPU_RUN_COMPLETE
distilgpt2,NF4-BnB,bleu_1,0.1173,0.1173,0.0646,-0.0527,<local>/runs/full_seed42_corrected_20260911/multimodel_benchmark.json,CORRECTED_GPU_RUN_COMPLETE
distilgpt2,NF4-BnB,bleu_4,0.0195,0.0195,0.0103,-0.0092,<local>/runs/full_seed42_corrected_20260911/multimodel_benchmark.json,CORRECTED_GPU_RUN_COMPLETE
distilgpt2,NF4-BnB,rouge_1,0.3996,0.3996,0.4738,0.07419999999999999,<local>/runs/full_seed42_corrected_20260911/multimodel_benchmark.json,CORRECTED_GPU_RUN_COMPLETE
distilgpt2,NF4-BnB,rouge_2,0.2135,0.2135,0.2197,0.006200000000000011,<local>/runs/full_seed42_corrected_20260911/multimodel_benchmark.json,CORRECTED_GPU_RUN_COMPLETE
distilgpt2,NF4-BnB,rouge_l,0.2443,0.2443,0.0657,-0.17859999999999998,<local>/runs/full_seed42_corrected_20260911/multimodel_benchmark.json,CORRECTED_GPU_RUN_COMPLETE
distilgpt2,NF4-BnB,ce_micro_f1,0.0809,0.0809,0.0806,-0.0002999999999999947,<local>/runs/full_seed42_corrected_20260911/multimodel_benchmark.json,CORRECTED_GPU_RUN_COMPLETE
distilgpt2,NF4-BnB,ce_macro_f1,0.0602,0.0602,0.0486,-0.0116,<local>/runs/full_seed42_corrected_20260911/multimodel_benchmark.json,CORRECTED_GPU_RUN_COMPLETE
distilgpt2,NF4-BnB,FNF_rate,0.6538,0.6538,0.6054,-0.0484,<local>/runs/full_seed42_corrected_20260911/multimodel_benchmark.json,CORRECTED_GPU_RUN_COMPLETE
distilgpt2,NF4-BnB,FPF_rate,0.0447,0.0447,0.0764,0.0317,<local>/runs/full_seed42_corrected_20260911/multimodel_benchmark.json,CORRECTED_GPU_RUN_COMPLETE
distilgpt2,NF4-BnB,CFPR,0.9099,0.9099,0.8674,-0.04250000000000009,<local>/runs/full_seed42_corrected_20260911/multimodel_benchmark.json,CORRECTED_GPU_RUN_COMPLETE
distilgpt2,NF4-BnB,CFFR,0.0901,0.0901,0.1326,0.042499999999999996,<local>/runs/full_seed42_corrected_20260911/multimodel_benchmark.json,CORRECTED_GPU_RUN_COMPLETE
gpt2,FP32,bleu_1,0.0788,0.0788,0.0656,-0.01319999999999999,<local>/runs/full_seed42_corrected_20260911/multimodel_benchmark.json,CORRECTED_GPU_RUN_COMPLETE
gpt2,FP32,bleu_4,0.0106,0.0106,0.0087,-0.0019000000000000006,<local>/runs/full_seed42_corrected_20260911/multimodel_benchmark.json,CORRECTED_GPU_RUN_COMPLETE
gpt2,FP32,rouge_1,0.4439,0.4439,0.4717,0.02779999999999999,<local>/runs/full_seed42_corrected_20260911/multimodel_benchmark.json,CORRECTED_GPU_RUN_COMPLETE
gpt2,FP32,rouge_2,0.2198,0.2198,0.2205,0.0007000000000000062,<local>/runs/full_seed42_corrected_20260911/multimodel_benchmark.json,CORRECTED_GPU_RUN_COMPLETE
gpt2,FP32,rouge_l,0.119,0.119,0.064,-0.05499999999999999,<local>/runs/full_seed42_corrected_20260911/multimodel_benchmark.json,CORRECTED_GPU_RUN_COMPLETE
gpt2,FP32,ce_micro_f1,0.1067,0.1067,0.096,-0.010700000000000001,<local>/runs/full_seed42_corrected_20260911/multimodel_benchmark.json,CORRECTED_GPU_RUN_COMPLETE
gpt2,FP32,ce_macro_f1,0.071,0.071,0.0602,-0.010799999999999997,<local>/runs/full_seed42_corrected_20260911/multimodel_benchmark.json,CORRECTED_GPU_RUN_COMPLETE
gpt2,FP16,bleu_1,0.0794,0.0794,0.0668,-0.0126,<local>/runs/full_seed42_corrected_20260911/multimodel_benchmark.json,CORRECTED_GPU_RUN_COMPLETE
gpt2,FP16,bleu_4,0.0108,0.0108,0.0087,-0.002100000000000001,<local>/runs/full_seed42_corrected_20260911/multimodel_benchmark.json,CORRECTED_GPU_RUN_COMPLETE
gpt2,FP16,rouge_1,0.4552,0.4552,0.4759,0.020699999999999996,<local>/runs/full_seed42_corrected_20260911/multimodel_benchmark.json,CORRECTED_GPU_RUN_COMPLETE
gpt2,FP16,rouge_2,0.2282,0.2282,0.2192,-0.00899999999999998,<local>/runs/full_seed42_corrected_20260911/multimodel_benchmark.json,CORRECTED_GPU_RUN_COMPLETE
gpt2,FP16,rouge_l,0.121,0.121,0.0664,-0.054599999999999996,<local>/runs/full_seed42_corrected_20260911/multimodel_benchmark.json,CORRECTED_GPU_RUN_COMPLETE
gpt2,FP16,ce_micro_f1,0.0777,0.0777,0.1083,0.03059999999999999,<local>/runs/full_seed42_corrected_20260911/multimodel_benchmark.json,CORRECTED_GPU_RUN_COMPLETE
gpt2,FP16,ce_macro_f1,0.0419,0.0419,0.068,0.026100000000000005,<local>/runs/full_seed42_corrected_20260911/multimodel_benchmark.json,CORRECTED_GPU_RUN_COMPLETE
gpt2,FP16,FNF_rate,0.2012,0.2012,0.232,0.030800000000000022,<local>/runs/full_seed42_corrected_20260911/multimodel_benchmark.json,CORRECTED_GPU_RUN_COMPLETE
gpt2,FP16,FPF_rate,0.0095,0.0095,0.0226,0.013099999999999999,<local>/runs/full_seed42_corrected_20260911/multimodel_benchmark.json,CORRECTED_GPU_RUN_COMPLETE
gpt2,FP16,CFPR,0.9719,0.9719,0.9541,-0.017800000000000038,<local>/runs/full_seed42_corrected_20260911/multimodel_benchmark.json,CORRECTED_GPU_RUN_COMPLETE
gpt2,FP16,CFFR,0.0281,0.0281,0.0459,0.017800000000000003,<local>/runs/full_seed42_corrected_20260911/multimodel_benchmark.json,CORRECTED_GPU_RUN_COMPLETE
gpt2,INT8-BnB,bleu_1,0.0755,0.0755,0.0639,-0.0116,<local>/runs/full_seed42_corrected_20260911/multimodel_benchmark.json,CORRECTED_GPU_RUN_COMPLETE
gpt2,INT8-BnB,bleu_4,0.0108,0.0108,0.0091,-0.0017000000000000001,<local>/runs/full_seed42_corrected_20260911/multimodel_benchmark.json,CORRECTED_GPU_RUN_COMPLETE
gpt2,INT8-BnB,rouge_1,0.4469,0.4469,0.4649,0.01799999999999996,<local>/runs/full_seed42_corrected_20260911/multimodel_benchmark.json,CORRECTED_GPU_RUN_COMPLETE
gpt2,INT8-BnB,rouge_2,0.227,0.227,0.2294,0.0023999999999999855,<local>/runs/full_seed42_corrected_20260911/multimodel_benchmark.json,CORRECTED_GPU_RUN_COMPLETE
gpt2,INT8-BnB,rouge_l,0.1133,0.1133,0.0638,-0.0495,<local>/runs/full_seed42_corrected_20260911/multimodel_benchmark.json,CORRECTED_GPU_RUN_COMPLETE
gpt2,INT8-BnB,ce_micro_f1,0.1127,0.1127,0.0636,-0.04909999999999999,<local>/runs/full_seed42_corrected_20260911/multimodel_benchmark.json,CORRECTED_GPU_RUN_COMPLETE
gpt2,INT8-BnB,ce_macro_f1,0.0805,0.0805,0.0394,-0.041100000000000005,<local>/runs/full_seed42_corrected_20260911/multimodel_benchmark.json,CORRECTED_GPU_RUN_COMPLETE
gpt2,INT8-BnB,FNF_rate,0.5385,0.5385,0.6082,0.06969999999999998,<local>/runs/full_seed42_corrected_20260911/multimodel_benchmark.json,CORRECTED_GPU_RUN_COMPLETE
gpt2,INT8-BnB,FPF_rate,0.0502,0.0502,0.0568,0.006600000000000002,<local>/runs/full_seed42_corrected_20260911/multimodel_benchmark.json,CORRECTED_GPU_RUN_COMPLETE
gpt2,INT8-BnB,CFPR,0.9024,0.9024,0.8817,-0.02069999999999994,<local>/runs/full_seed42_corrected_20260911/multimodel_benchmark.json,CORRECTED_GPU_RUN_COMPLETE
gpt2,INT8-BnB,CFFR,0.0976,0.0976,0.1183,0.020699999999999996,<local>/runs/full_seed42_corrected_20260911/multimodel_benchmark.json,CORRECTED_GPU_RUN_COMPLETE
gpt2,NF4-BnB,bleu_1,0.072,0.072,0.0682,-0.003799999999999998,<local>/runs/full_seed42_corrected_20260911/multimodel_benchmark.json,CORRECTED_GPU_RUN_COMPLETE
gpt2,NF4-BnB,bleu_4,0.0113,0.0113,0.0062,-0.0050999999999999995,<local>/runs/full_seed42_corrected_20260911/multimodel_benchmark.json,CORRECTED_GPU_RUN_COMPLETE
gpt2,NF4-BnB,rouge_1,0.4699,0.4699,0.4911,0.021199999999999997,<local>/runs/full_seed42_corrected_20260911/multimodel_benchmark.json,CORRECTED_GPU_RUN_COMPLETE
gpt2,NF4-BnB,rouge_2,0.2515,0.2515,0.2361,-0.015399999999999997,<local>/runs/full_seed42_corrected_20260911/multimodel_benchmark.json,CORRECTED_GPU_RUN_COMPLETE
gpt2,NF4-BnB,rouge_l,0.0859,0.0859,0.0665,-0.0194,<local>/runs/full_seed42_corrected_20260911/multimodel_benchmark.json,CORRECTED_GPU_RUN_COMPLETE
gpt2,NF4-BnB,ce_micro_f1,0.0387,0.0387,0.0638,0.025099999999999997,<local>/runs/full_seed42_corrected_20260911/multimodel_benchmark.json,CORRECTED_GPU_RUN_COMPLETE
gpt2,NF4-BnB,ce_macro_f1,0.0165,0.0165,0.0356,0.0191,<local>/runs/full_seed42_corrected_20260911/multimodel_benchmark.json,CORRECTED_GPU_RUN_COMPLETE
gpt2,NF4-BnB,FNF_rate,0.7751,0.7751,0.7938,0.01869999999999994,<local>/runs/full_seed42_corrected_20260911/multimodel_benchmark.json,CORRECTED_GPU_RUN_COMPLETE
gpt2,NF4-BnB,FPF_rate,0.0388,0.0388,0.0594,0.0206,<local>/runs/full_seed42_corrected_20260911/multimodel_benchmark.json,CORRECTED_GPU_RUN_COMPLETE
gpt2,NF4-BnB,CFPR,0.8898,0.8898,0.8588,-0.031000000000000028,<local>/runs/full_seed42_corrected_20260911/multimodel_benchmark.json,CORRECTED_GPU_RUN_COMPLETE
gpt2,NF4-BnB,CFFR,0.1102,0.1102,0.1412,0.030999999999999986,<local>/runs/full_seed42_corrected_20260911/multimodel_benchmark.json,CORRECTED_GPU_RUN_COMPLETE
gpt2-medium,FP32,bleu_1,0.0688,0.0688,0.0647,-0.004100000000000006,<local>/runs/full_seed42_corrected_20260911/multimodel_benchmark.json,CORRECTED_GPU_RUN_COMPLETE
gpt2-medium,FP32,bleu_4,0.0155,0.0155,0.012,-0.0034999999999999996,<local>/runs/full_seed42_corrected_20260911/multimodel_benchmark.json,CORRECTED_GPU_RUN_COMPLETE
gpt2-medium,FP32,rouge_1,0.4958,0.4958,0.4636,-0.032200000000000006,<local>/runs/full_seed42_corrected_20260911/multimodel_benchmark.json,CORRECTED_GPU_RUN_COMPLETE
gpt2-medium,FP32,rouge_2,0.2931,0.2931,0.2541,-0.039000000000000035,<local>/runs/full_seed42_corrected_20260911/multimodel_benchmark.json,CORRECTED_GPU_RUN_COMPLETE
gpt2-medium,FP32,rouge_l,0.0762,0.0762,0.0743,-0.001899999999999999,<local>/runs/full_seed42_corrected_20260911/multimodel_benchmark.json,CORRECTED_GPU_RUN_COMPLETE
gpt2-medium,FP32,ce_micro_f1,0.1183,0.1183,0.1235,0.005199999999999996,<local>/runs/full_seed42_corrected_20260911/multimodel_benchmark.json,CORRECTED_GPU_RUN_COMPLETE
gpt2-medium,FP32,ce_macro_f1,0.0687,0.0687,0.0896,0.020900000000000002,<local>/runs/full_seed42_corrected_20260911/multimodel_benchmark.json,CORRECTED_GPU_RUN_COMPLETE
gpt2-medium,FP16,bleu_1,0.0696,0.0696,0.0646,-0.0049999999999999906,<local>/runs/full_seed42_corrected_20260911/multimodel_benchmark.json,CORRECTED_GPU_RUN_COMPLETE
gpt2-medium,FP16,bleu_4,0.0161,0.0161,0.012,-0.0040999999999999995,<local>/runs/full_seed42_corrected_20260911/multimodel_benchmark.json,CORRECTED_GPU_RUN_COMPLETE
gpt2-medium,FP16,rouge_1,0.5045,0.5045,0.4639,-0.04059999999999997,<local>/runs/full_seed42_corrected_20260911/multimodel_benchmark.json,CORRECTED_GPU_RUN_COMPLETE
gpt2-medium,FP16,rouge_2,0.2999,0.2999,0.2506,-0.04930000000000001,<local>/runs/full_seed42_corrected_20260911/multimodel_benchmark.json,CORRECTED_GPU_RUN_COMPLETE
gpt2-medium,FP16,rouge_l,0.0748,0.0748,0.0742,-0.0006000000000000033,<local>/runs/full_seed42_corrected_20260911/multimodel_benchmark.json,CORRECTED_GPU_RUN_COMPLETE
gpt2-medium,FP16,ce_micro_f1,0.1183,0.1183,0.1235,0.005199999999999996,<local>/runs/full_seed42_corrected_20260911/multimodel_benchmark.json,CORRECTED_GPU_RUN_COMPLETE
gpt2-medium,FP16,ce_macro_f1,0.0688,0.0688,0.0927,0.023900000000000005,<local>/runs/full_seed42_corrected_20260911/multimodel_benchmark.json,CORRECTED_GPU_RUN_COMPLETE
gpt2-medium,FP16,FNF_rate,0.1416,0.1416,0.1981,0.056499999999999995,<local>/runs/full_seed42_corrected_20260911/multimodel_benchmark.json,CORRECTED_GPU_RUN_COMPLETE
gpt2-medium,FP16,FPF_rate,0.0098,0.0098,0.0128,0.003000000000000001,<local>/runs/full_seed42_corrected_20260911/multimodel_benchmark.json,CORRECTED_GPU_RUN_COMPLETE
gpt2-medium,FP16,CFPR,0.9816,0.9816,0.9759,-0.005700000000000038,<local>/runs/full_seed42_corrected_20260911/multimodel_benchmark.json,CORRECTED_GPU_RUN_COMPLETE
gpt2-medium,FP16,CFFR,0.0184,0.0184,0.0241,0.0057,<local>/runs/full_seed42_corrected_20260911/multimodel_benchmark.json,CORRECTED_GPU_RUN_COMPLETE
gpt2-medium,INT8-BnB,bleu_1,0.0715,0.0715,0.0646,-0.0068999999999999895,<local>/runs/full_seed42_corrected_20260911/multimodel_benchmark.json,CORRECTED_GPU_RUN_COMPLETE
gpt2-medium,INT8-BnB,bleu_4,0.0163,0.0163,0.0125,-0.003799999999999998,<local>/runs/full_seed42_corrected_20260911/multimodel_benchmark.json,CORRECTED_GPU_RUN_COMPLETE
gpt2-medium,INT8-BnB,rouge_1,0.5198,0.5198,0.4725,-0.047300000000000064,<local>/runs/full_seed42_corrected_20260911/multimodel_benchmark.json,CORRECTED_GPU_RUN_COMPLETE
gpt2-medium,INT8-BnB,rouge_2,0.3155,0.3155,0.2636,-0.0519,<local>/runs/full_seed42_corrected_20260911/multimodel_benchmark.json,CORRECTED_GPU_RUN_COMPLETE
gpt2-medium,INT8-BnB,rouge_l,0.0931,0.0931,0.077,-0.016100000000000003,<local>/runs/full_seed42_corrected_20260911/multimodel_benchmark.json,CORRECTED_GPU_RUN_COMPLETE
gpt2-medium,INT8-BnB,ce_micro_f1,0.1,0.1,0.0976,-0.0023999999999999994,<local>/runs/full_seed42_corrected_20260911/multimodel_benchmark.json,CORRECTED_GPU_RUN_COMPLETE
gpt2-medium,INT8-BnB,ce_macro_f1,0.1305,0.1305,0.0633,-0.06720000000000001,<local>/runs/full_seed42_corrected_20260911/multimodel_benchmark.json,CORRECTED_GPU_RUN_COMPLETE
gpt2-medium,INT8-BnB,FNF_rate,0.6195,0.6195,0.566,-0.0535000000000001,<local>/runs/full_seed42_corrected_20260911/multimodel_benchmark.json,CORRECTED_GPU_RUN_COMPLETE
gpt2-medium,INT8-BnB,FPF_rate,0.0497,0.0497,0.0379,-0.011799999999999998,<local>/runs/full_seed42_corrected_20260911/multimodel_benchmark.json,CORRECTED_GPU_RUN_COMPLETE
gpt2-medium,INT8-BnB,CFPR,0.9133,0.9133,0.93,0.016700000000000048,<local>/runs/full_seed42_corrected_20260911/multimodel_benchmark.json,CORRECTED_GPU_RUN_COMPLETE
gpt2-medium,INT8-BnB,CFFR,0.0867,0.0867,0.07,-0.016699999999999993,<local>/runs/full_seed42_corrected_20260911/multimodel_benchmark.json,CORRECTED_GPU_RUN_COMPLETE
gpt2-medium,NF4-BnB,bleu_1,0.0693,0.0693,0.0602,-0.009100000000000004,<local>/runs/full_seed42_corrected_20260911/multimodel_benchmark.json,CORRECTED_GPU_RUN_COMPLETE
gpt2-medium,NF4-BnB,bleu_4,0.0184,0.0184,0.0103,-0.0081,<local>/runs/full_seed42_corrected_20260911/multimodel_benchmark.json,CORRECTED_GPU_RUN_COMPLETE
gpt2-medium,NF4-BnB,rouge_1,0.5202,0.5202,0.4774,-0.042800000000000005,<local>/runs/full_seed42_corrected_20260911/multimodel_benchmark.json,CORRECTED_GPU_RUN_COMPLETE
gpt2-medium,NF4-BnB,rouge_2,0.3343,0.3343,0.2561,-0.07819999999999999,<local>/runs/full_seed42_corrected_20260911/multimodel_benchmark.json,CORRECTED_GPU_RUN_COMPLETE
gpt2-medium,NF4-BnB,rouge_l,0.0753,0.0753,0.0656,-0.0097,<local>/runs/full_seed42_corrected_20260911/multimodel_benchmark.json,CORRECTED_GPU_RUN_COMPLETE
gpt2-medium,NF4-BnB,ce_micro_f1,0.1446,0.1446,0.0704,-0.0742,<local>/runs/full_seed42_corrected_20260911/multimodel_benchmark.json,CORRECTED_GPU_RUN_COMPLETE
gpt2-medium,NF4-BnB,ce_macro_f1,0.0983,0.0983,0.0494,-0.0489,<local>/runs/full_seed42_corrected_20260911/multimodel_benchmark.json,CORRECTED_GPU_RUN_COMPLETE
gpt2-medium,NF4-BnB,FNF_rate,0.7345,0.7345,0.7264,-0.008099999999999996,<local>/runs/full_seed42_corrected_20260911/multimodel_benchmark.json,CORRECTED_GPU_RUN_COMPLETE
gpt2-medium,NF4-BnB,FPF_rate,0.0491,0.0491,0.0697,0.0206,<local>/runs/full_seed42_corrected_20260911/multimodel_benchmark.json,CORRECTED_GPU_RUN_COMPLETE
gpt2-medium,NF4-BnB,CFPR,0.9064,0.9064,0.8904,-0.016000000000000014,<local>/runs/full_seed42_corrected_20260911/multimodel_benchmark.json,CORRECTED_GPU_RUN_COMPLETE
gpt2-medium,NF4-BnB,CFFR,0.0936,0.0936,0.1096,0.016,<local>/runs/full_seed42_corrected_20260911/multimodel_benchmark.json,CORRECTED_GPU_RUN_COMPLETE
biogpt,FP32,bleu_1,0.3174,0.3174,0.3524,0.034999999999999976,<local>/runs/full_seed42_corrected_20260911/multimodel_benchmark.json,CORRECTED_GPU_RUN_COMPLETE
biogpt,FP32,bleu_4,0.1435,0.1435,0.1788,0.0353,<local>/runs/full_seed42_corrected_20260911/multimodel_benchmark.json,CORRECTED_GPU_RUN_COMPLETE
biogpt,FP32,rouge_1,0.5258,0.5258,0.5422,0.01639999999999997,<local>/runs/full_seed42_corrected_20260911/multimodel_benchmark.json,CORRECTED_GPU_RUN_COMPLETE
biogpt,FP32,rouge_2,0.3972,0.3972,0.4328,0.03560000000000002,<local>/runs/full_seed42_corrected_20260911/multimodel_benchmark.json,CORRECTED_GPU_RUN_COMPLETE
biogpt,FP32,rouge_l,0.441,0.441,0.4949,0.0539,<local>/runs/full_seed42_corrected_20260911/multimodel_benchmark.json,CORRECTED_GPU_RUN_COMPLETE
biogpt,FP32,ce_micro_f1,0.2975,0.2975,0.3833,0.08579999999999999,<local>/runs/full_seed42_corrected_20260911/multimodel_benchmark.json,CORRECTED_GPU_RUN_COMPLETE
biogpt,FP32,ce_macro_f1,0.1848,0.1848,0.2331,0.04830000000000001,<local>/runs/full_seed42_corrected_20260911/multimodel_benchmark.json,CORRECTED_GPU_RUN_COMPLETE
biogpt,FP16,bleu_1,0.3177,0.3177,0.3535,0.0358,<local>/runs/full_seed42_corrected_20260911/multimodel_benchmark.json,CORRECTED_GPU_RUN_COMPLETE
biogpt,FP16,bleu_4,0.1437,0.1437,0.1824,0.03870000000000001,<local>/runs/full_seed42_corrected_20260911/multimodel_benchmark.json,CORRECTED_GPU_RUN_COMPLETE
biogpt,FP16,rouge_1,0.5258,0.5258,0.5433,0.01749999999999996,<local>/runs/full_seed42_corrected_20260911/multimodel_benchmark.json,CORRECTED_GPU_RUN_COMPLETE
biogpt,FP16,rouge_2,0.3972,0.3972,0.4347,0.03749999999999998,<local>/runs/full_seed42_corrected_20260911/multimodel_benchmark.json,CORRECTED_GPU_RUN_COMPLETE
biogpt,FP16,rouge_l,0.4412,0.4412,0.4968,0.05560000000000004,<local>/runs/full_seed42_corrected_20260911/multimodel_benchmark.json,CORRECTED_GPU_RUN_COMPLETE
biogpt,FP16,ce_micro_f1,0.2975,0.2975,0.3833,0.08579999999999999,<local>/runs/full_seed42_corrected_20260911/multimodel_benchmark.json,CORRECTED_GPU_RUN_COMPLETE
biogpt,FP16,ce_macro_f1,0.1848,0.1848,0.2331,0.04830000000000001,<local>/runs/full_seed42_corrected_20260911/multimodel_benchmark.json,CORRECTED_GPU_RUN_COMPLETE
biogpt,FP16,FNF_rate,0.0,0.0,0.0,0.0,<local>/runs/full_seed42_corrected_20260911/multimodel_benchmark.json,CORRECTED_GPU_RUN_COMPLETE
biogpt,FP16,FPF_rate,0.0,0.0,0.0,0.0,<local>/runs/full_seed42_corrected_20260911/multimodel_benchmark.json,CORRECTED_GPU_RUN_COMPLETE
biogpt,FP16,CFPR,1.0,1.0,1.0,0.0,<local>/runs/full_seed42_corrected_20260911/multimodel_benchmark.json,CORRECTED_GPU_RUN_COMPLETE
biogpt,FP16,CFFR,0.0,0.0,0.0,0.0,<local>/runs/full_seed42_corrected_20260911/multimodel_benchmark.json,CORRECTED_GPU_RUN_COMPLETE
biogpt,INT8-BnB,bleu_1,0.3184,0.3184,0.3573,0.03889999999999999,<local>/runs/full_seed42_corrected_20260911/multimodel_benchmark.json,CORRECTED_GPU_RUN_COMPLETE
biogpt,INT8-BnB,bleu_4,0.1349,0.1349,0.1786,0.04370000000000002,<local>/runs/full_seed42_corrected_20260911/multimodel_benchmark.json,CORRECTED_GPU_RUN_COMPLETE
biogpt,INT8-BnB,rouge_1,0.5121,0.5121,0.5453,0.03320000000000001,<local>/runs/full_seed42_corrected_20260911/multimodel_benchmark.json,CORRECTED_GPU_RUN_COMPLETE
biogpt,INT8-BnB,rouge_2,0.3778,0.3778,0.4317,0.05389999999999995,<local>/runs/full_seed42_corrected_20260911/multimodel_benchmark.json,CORRECTED_GPU_RUN_COMPLETE
biogpt,INT8-BnB,rouge_l,0.4261,0.4261,0.4896,0.0635,<local>/runs/full_seed42_corrected_20260911/multimodel_benchmark.json,CORRECTED_GPU_RUN_COMPLETE
biogpt,INT8-BnB,ce_micro_f1,0.2969,0.2969,0.3509,0.05399999999999999,<local>/runs/full_seed42_corrected_20260911/multimodel_benchmark.json,CORRECTED_GPU_RUN_COMPLETE
biogpt,INT8-BnB,ce_macro_f1,0.1808,0.1808,0.1924,0.0116,<local>/runs/full_seed42_corrected_20260911/multimodel_benchmark.json,CORRECTED_GPU_RUN_COMPLETE
biogpt,INT8-BnB,FNF_rate,0.1385,0.1385,0.1719,0.033399999999999985,<local>/runs/full_seed42_corrected_20260911/multimodel_benchmark.json,CORRECTED_GPU_RUN_COMPLETE
biogpt,INT8-BnB,FPF_rate,0.0095,0.0095,0.003,-0.0065,<local>/runs/full_seed42_corrected_20260911/multimodel_benchmark.json,CORRECTED_GPU_RUN_COMPLETE
biogpt,INT8-BnB,CFPR,0.9856,0.9856,0.9908,0.005199999999999982,<local>/runs/full_seed42_corrected_20260911/multimodel_benchmark.json,CORRECTED_GPU_RUN_COMPLETE
biogpt,INT8-BnB,CFFR,0.0144,0.0144,0.0092,-0.0052,<local>/runs/full_seed42_corrected_20260911/multimodel_benchmark.json,CORRECTED_GPU_RUN_COMPLETE
biogpt,NF4-BnB,bleu_1,0.3144,0.3144,0.3413,0.02689999999999998,<local>/runs/full_seed42_corrected_20260911/multimodel_benchmark.json,CORRECTED_GPU_RUN_COMPLETE
biogpt,NF4-BnB,bleu_4,0.1412,0.1412,0.1853,0.0441,<local>/runs/full_seed42_corrected_20260911/multimodel_benchmark.json,CORRECTED_GPU_RUN_COMPLETE
biogpt,NF4-BnB,rouge_1,0.5263,0.5263,0.5503,0.02400000000000002,<local>/runs/full_seed42_corrected_20260911/multimodel_benchmark.json,CORRECTED_GPU_RUN_COMPLETE
biogpt,NF4-BnB,rouge_2,0.3977,0.3977,0.4542,0.056499999999999995,<local>/runs/full_seed42_corrected_20260911/multimodel_benchmark.json,CORRECTED_GPU_RUN_COMPLETE
biogpt,NF4-BnB,rouge_l,0.441,0.441,0.5095,0.06849999999999995,<local>/runs/full_seed42_corrected_20260911/multimodel_benchmark.json,CORRECTED_GPU_RUN_COMPLETE
biogpt,NF4-BnB,ce_micro_f1,0.2373,0.2373,0.32,0.0827,<local>/runs/full_seed42_corrected_20260911/multimodel_benchmark.json,CORRECTED_GPU_RUN_COMPLETE
biogpt,NF4-BnB,ce_macro_f1,0.1343,0.1343,0.1886,0.05429999999999999,<local>/runs/full_seed42_corrected_20260911/multimodel_benchmark.json,CORRECTED_GPU_RUN_COMPLETE
biogpt,NF4-BnB,FNF_rate,0.4615,0.4615,0.5156,0.054099999999999926,<local>/runs/full_seed42_corrected_20260911/multimodel_benchmark.json,CORRECTED_GPU_RUN_COMPLETE
biogpt,NF4-BnB,FPF_rate,0.0161,0.0161,0.0077,-0.0084,<local>/runs/full_seed42_corrected_20260911/multimodel_benchmark.json,CORRECTED_GPU_RUN_COMPLETE
biogpt,NF4-BnB,CFPR,0.9673,0.9673,0.9736,0.006299999999999972,<local>/runs/full_seed42_corrected_20260911/multimodel_benchmark.json,CORRECTED_GPU_RUN_COMPLETE
biogpt,NF4-BnB,CFFR,0.0327,0.0327,0.0264,-0.0063,<local>/runs/full_seed42_corrected_20260911/multimodel_benchmark.json,CORRECTED_GPU_RUN_COMPLETE
pythia-1b,FP32,bleu_1,0.3561,0.3561,0.3474,-0.008700000000000041,<local>/runs/full_seed42_corrected_20260911/multimodel_benchmark.json,CORRECTED_GPU_RUN_COMPLETE
pythia-1b,FP32,bleu_4,0.1794,0.1794,0.1775,-0.0019000000000000128,<local>/runs/full_seed42_corrected_20260911/multimodel_benchmark.json,CORRECTED_GPU_RUN_COMPLETE
pythia-1b,FP32,rouge_1,0.5656,0.5656,0.5847,0.019100000000000006,<local>/runs/full_seed42_corrected_20260911/multimodel_benchmark.json,CORRECTED_GPU_RUN_COMPLETE
pythia-1b,FP32,rouge_2,0.4548,0.4548,0.4851,0.030299999999999994,<local>/runs/full_seed42_corrected_20260911/multimodel_benchmark.json,CORRECTED_GPU_RUN_COMPLETE
pythia-1b,FP32,rouge_l,0.5135,0.5135,0.5161,0.0026000000000000467,<local>/runs/full_seed42_corrected_20260911/multimodel_benchmark.json,CORRECTED_GPU_RUN_COMPLETE
pythia-1b,FP32,ce_micro_f1,0.314,0.314,0.281,-0.032999999999999974,<local>/runs/full_seed42_corrected_20260911/multimodel_benchmark.json,CORRECTED_GPU_RUN_COMPLETE
pythia-1b,FP32,ce_macro_f1,0.1659,0.1659,0.1755,0.009599999999999997,<local>/runs/full_seed42_corrected_20260911/multimodel_benchmark.json,CORRECTED_GPU_RUN_COMPLETE
pythia-1b,FP16,bleu_1,0.3575,0.3575,0.3478,-0.009699999999999986,<local>/runs/full_seed42_corrected_20260911/multimodel_benchmark.json,CORRECTED_GPU_RUN_COMPLETE
pythia-1b,FP16,bleu_4,0.1787,0.1787,0.1771,-0.0015999999999999903,<local>/runs/full_seed42_corrected_20260911/multimodel_benchmark.json,CORRECTED_GPU_RUN_COMPLETE
pythia-1b,FP16,rouge_1,0.5661,0.5661,0.5847,0.01859999999999995,<local>/runs/full_seed42_corrected_20260911/multimodel_benchmark.json,CORRECTED_GPU_RUN_COMPLETE
pythia-1b,FP16,rouge_2,0.4538,0.4538,0.4851,0.031299999999999994,<local>/runs/full_seed42_corrected_20260911/multimodel_benchmark.json,CORRECTED_GPU_RUN_COMPLETE
pythia-1b,FP16,rouge_l,0.5121,0.5121,0.5151,0.0030000000000000027,<local>/runs/full_seed42_corrected_20260911/multimodel_benchmark.json,CORRECTED_GPU_RUN_COMPLETE
pythia-1b,FP16,ce_micro_f1,0.3279,0.3279,0.281,-0.0469,<local>/runs/full_seed42_corrected_20260911/multimodel_benchmark.json,CORRECTED_GPU_RUN_COMPLETE
pythia-1b,FP16,ce_macro_f1,0.1723,0.1723,0.1755,0.0031999999999999806,<local>/runs/full_seed42_corrected_20260911/multimodel_benchmark.json,CORRECTED_GPU_RUN_COMPLETE
pythia-1b,FP16,FNF_rate,0.0,0.0,0.0,0.0,<local>/runs/full_seed42_corrected_20260911/multimodel_benchmark.json,CORRECTED_GPU_RUN_COMPLETE
pythia-1b,FP16,FPF_rate,0.0006,0.0006,0.0,-0.0006,<local>/runs/full_seed42_corrected_20260911/multimodel_benchmark.json,CORRECTED_GPU_RUN_COMPLETE
pythia-1b,FP16,CFPR,0.9994,0.9994,1.0,0.0006000000000000449,<local>/runs/full_seed42_corrected_20260911/multimodel_benchmark.json,CORRECTED_GPU_RUN_COMPLETE
pythia-1b,FP16,CFFR,0.0006,0.0006,0.0,-0.0006,<local>/runs/full_seed42_corrected_20260911/multimodel_benchmark.json,CORRECTED_GPU_RUN_COMPLETE
pythia-1b,INT8-BnB,bleu_1,0.3452,0.3452,0.3425,-0.00269999999999998,<local>/runs/full_seed42_corrected_20260911/multimodel_benchmark.json,CORRECTED_GPU_RUN_COMPLETE
pythia-1b,INT8-BnB,bleu_4,0.183,0.183,0.1676,-0.015399999999999997,<local>/runs/full_seed42_corrected_20260911/multimodel_benchmark.json,CORRECTED_GPU_RUN_COMPLETE
pythia-1b,INT8-BnB,rouge_1,0.5681,0.5681,0.568,-0.00010000000000010001,<local>/runs/full_seed42_corrected_20260911/multimodel_benchmark.json,CORRECTED_GPU_RUN_COMPLETE
pythia-1b,INT8-BnB,rouge_2,0.4631,0.4631,0.4683,0.005199999999999982,<local>/runs/full_seed42_corrected_20260911/multimodel_benchmark.json,CORRECTED_GPU_RUN_COMPLETE
pythia-1b,INT8-BnB,rouge_l,0.521,0.521,0.4996,-0.02140000000000003,<local>/runs/full_seed42_corrected_20260911/multimodel_benchmark.json,CORRECTED_GPU_RUN_COMPLETE
pythia-1b,INT8-BnB,ce_micro_f1,0.3091,0.3091,0.2521,-0.056999999999999995,<local>/runs/full_seed42_corrected_20260911/multimodel_benchmark.json,CORRECTED_GPU_RUN_COMPLETE
pythia-1b,INT8-BnB,ce_macro_f1,0.1611,0.1611,0.1399,-0.021199999999999997,<local>/runs/full_seed42_corrected_20260911/multimodel_benchmark.json,CORRECTED_GPU_RUN_COMPLETE
pythia-1b,INT8-BnB,FNF_rate,0.2462,0.2462,0.1538,-0.09240000000000001,<local>/runs/full_seed42_corrected_20260911/multimodel_benchmark.json,CORRECTED_GPU_RUN_COMPLETE
pythia-1b,INT8-BnB,FPF_rate,0.003,0.003,0.0048,0.0017999999999999995,<local>/runs/full_seed42_corrected_20260911/multimodel_benchmark.json,CORRECTED_GPU_RUN_COMPLETE
pythia-1b,INT8-BnB,CFPR,0.9879,0.9879,0.9897,0.0018000000000000238,<local>/runs/full_seed42_corrected_20260911/multimodel_benchmark.json,CORRECTED_GPU_RUN_COMPLETE
pythia-1b,INT8-BnB,CFFR,0.0121,0.0121,0.0103,-0.0017999999999999995,<local>/runs/full_seed42_corrected_20260911/multimodel_benchmark.json,CORRECTED_GPU_RUN_COMPLETE
pythia-1b,NF4-BnB,bleu_1,0.3611,0.3611,0.3734,0.012300000000000033,<local>/runs/full_seed42_corrected_20260911/multimodel_benchmark.json,CORRECTED_GPU_RUN_COMPLETE
pythia-1b,NF4-BnB,bleu_4,0.1832,0.1832,0.1831,-9.999999999998899e-05,<local>/runs/full_seed42_corrected_20260911/multimodel_benchmark.json,CORRECTED_GPU_RUN_COMPLETE
pythia-1b,NF4-BnB,rouge_1,0.5625,0.5625,0.5977,0.03520000000000001,<local>/runs/full_seed42_corrected_20260911/multimodel_benchmark.json,CORRECTED_GPU_RUN_COMPLETE
pythia-1b,NF4-BnB,rouge_2,0.4492,0.4492,0.4919,0.042700000000000016,<local>/runs/full_seed42_corrected_20260911/multimodel_benchmark.json,CORRECTED_GPU_RUN_COMPLETE
pythia-1b,NF4-BnB,rouge_l,0.5131,0.5131,0.5246,0.011499999999999955,<local>/runs/full_seed42_corrected_20260911/multimodel_benchmark.json,CORRECTED_GPU_RUN_COMPLETE
pythia-1b,NF4-BnB,ce_micro_f1,0.3636,0.3636,0.3423,-0.021299999999999986,<local>/runs/full_seed42_corrected_20260911/multimodel_benchmark.json,CORRECTED_GPU_RUN_COMPLETE
pythia-1b,NF4-BnB,ce_macro_f1,0.1941,0.1941,0.1685,-0.025599999999999984,<local>/runs/full_seed42_corrected_20260911/multimodel_benchmark.json,CORRECTED_GPU_RUN_COMPLETE
pythia-1b,NF4-BnB,FNF_rate,0.4154,0.4154,0.4308,0.015400000000000025,<local>/runs/full_seed42_corrected_20260911/multimodel_benchmark.json,CORRECTED_GPU_RUN_COMPLETE
pythia-1b,NF4-BnB,FPF_rate,0.0095,0.0095,0.0107,0.0011999999999999997,<local>/runs/full_seed42_corrected_20260911/multimodel_benchmark.json,CORRECTED_GPU_RUN_COMPLETE
pythia-1b,NF4-BnB,CFPR,0.9753,0.9753,0.9736,-0.0016999999999999238,<local>/runs/full_seed42_corrected_20260911/multimodel_benchmark.json,CORRECTED_GPU_RUN_COMPLETE
pythia-1b,NF4-BnB,CFFR,0.0247,0.0247,0.0264,0.0017000000000000001,<local>/runs/full_seed42_corrected_20260911/multimodel_benchmark.json,CORRECTED_GPU_RUN_COMPLETE
biogpt-large,FP32,bleu_1,0.2867,0.2867,0.356,0.06929999999999997,<local>/runs/full_seed42_corrected_20260911/multimodel_benchmark.json,CORRECTED_GPU_RUN_COMPLETE
biogpt-large,FP32,bleu_4,0.105,0.105,0.1591,0.054099999999999995,<local>/runs/full_seed42_corrected_20260911/multimodel_benchmark.json,CORRECTED_GPU_RUN_COMPLETE
biogpt-large,FP32,rouge_1,0.5483,0.5483,0.5373,-0.01100000000000001,<local>/runs/full_seed42_corrected_20260911/multimodel_benchmark.json,CORRECTED_GPU_RUN_COMPLETE
biogpt-large,FP32,rouge_2,0.4164,0.4164,0.4201,0.003699999999999981,<local>/runs/full_seed42_corrected_20260911/multimodel_benchmark.json,CORRECTED_GPU_RUN_COMPLETE
biogpt-large,FP32,rouge_l,0.4353,0.4353,0.4787,0.043399999999999994,<local>/runs/full_seed42_corrected_20260911/multimodel_benchmark.json,CORRECTED_GPU_RUN_COMPLETE
biogpt-large,FP32,ce_micro_f1,0.3871,0.3871,0.339,-0.048099999999999976,<local>/runs/full_seed42_corrected_20260911/multimodel_benchmark.json,CORRECTED_GPU_RUN_COMPLETE
biogpt-large,FP32,ce_macro_f1,0.312,0.312,0.2099,-0.1021,<local>/runs/full_seed42_corrected_20260911/multimodel_benchmark.json,CORRECTED_GPU_RUN_COMPLETE
biogpt-large,FP16,bleu_1,0.2896,0.2896,0.3582,0.0686,<local>/runs/full_seed42_corrected_20260911/multimodel_benchmark.json,CORRECTED_GPU_RUN_COMPLETE
biogpt-large,FP16,bleu_4,0.1079,0.1079,0.159,0.051100000000000007,<local>/runs/full_seed42_corrected_20260911/multimodel_benchmark.json,CORRECTED_GPU_RUN_COMPLETE
biogpt-large,FP16,rouge_1,0.5472,0.5472,0.5378,-0.009400000000000075,<local>/runs/full_seed42_corrected_20260911/multimodel_benchmark.json,CORRECTED_GPU_RUN_COMPLETE
biogpt-large,FP16,rouge_2,0.4175,0.4175,0.4204,0.0029000000000000137,<local>/runs/full_seed42_corrected_20260911/multimodel_benchmark.json,CORRECTED_GPU_RUN_COMPLETE
biogpt-large,FP16,rouge_l,0.4371,0.4371,0.4791,0.04200000000000004,<local>/runs/full_seed42_corrected_20260911/multimodel_benchmark.json,CORRECTED_GPU_RUN_COMPLETE
biogpt-large,FP16,ce_micro_f1,0.3906,0.3906,0.3478,-0.042800000000000005,<local>/runs/full_seed42_corrected_20260911/multimodel_benchmark.json,CORRECTED_GPU_RUN_COMPLETE
biogpt-large,FP16,ce_macro_f1,0.3339,0.3339,0.2153,-0.11859999999999998,<local>/runs/full_seed42_corrected_20260911/multimodel_benchmark.json,CORRECTED_GPU_RUN_COMPLETE
biogpt-large,FP16,FNF_rate,0.0147,0.0147,0.0484,0.0337,<local>/runs/full_seed42_corrected_20260911/multimodel_benchmark.json,CORRECTED_GPU_RUN_COMPLETE
biogpt-large,FP16,FPF_rate,0.003,0.003,0.0,-0.003,<local>/runs/full_seed42_corrected_20260911/multimodel_benchmark.json,CORRECTED_GPU_RUN_COMPLETE
biogpt-large,FP16,CFPR,0.9966,0.9966,0.9983,0.0016999999999999238,<local>/runs/full_seed42_corrected_20260911/multimodel_benchmark.json,CORRECTED_GPU_RUN_COMPLETE
biogpt-large,FP16,CFFR,0.0034,0.0034,0.0017,-0.0017,<local>/runs/full_seed42_corrected_20260911/multimodel_benchmark.json,CORRECTED_GPU_RUN_COMPLETE
biogpt-large,INT8-BnB,bleu_1,0.2883,0.2883,0.3469,0.058599999999999985,<local>/runs/full_seed42_corrected_20260911/multimodel_benchmark.json,CORRECTED_GPU_RUN_COMPLETE
biogpt-large,INT8-BnB,bleu_4,0.1112,0.1112,0.1463,0.03510000000000002,<local>/runs/full_seed42_corrected_20260911/multimodel_benchmark.json,CORRECTED_GPU_RUN_COMPLETE
biogpt-large,INT8-BnB,rouge_1,0.5557,0.5557,0.5257,-0.030000000000000027,<local>/runs/full_seed42_corrected_20260911/multimodel_benchmark.json,CORRECTED_GPU_RUN_COMPLETE
biogpt-large,INT8-BnB,rouge_2,0.4286,0.4286,0.4008,-0.02779999999999999,<local>/runs/full_seed42_corrected_20260911/multimodel_benchmark.json,CORRECTED_GPU_RUN_COMPLETE
biogpt-large,INT8-BnB,rouge_l,0.4492,0.4492,0.4647,0.015500000000000014,<local>/runs/full_seed42_corrected_20260911/multimodel_benchmark.json,CORRECTED_GPU_RUN_COMPLETE
biogpt-large,INT8-BnB,ce_micro_f1,0.3429,0.3429,0.3761,0.03320000000000001,<local>/runs/full_seed42_corrected_20260911/multimodel_benchmark.json,CORRECTED_GPU_RUN_COMPLETE
biogpt-large,INT8-BnB,ce_macro_f1,0.2843,0.2843,0.2473,-0.037000000000000005,<local>/runs/full_seed42_corrected_20260911/multimodel_benchmark.json,CORRECTED_GPU_RUN_COMPLETE
biogpt-large,INT8-BnB,FNF_rate,0.2353,0.2353,0.129,-0.1063,<local>/runs/full_seed42_corrected_20260911/multimodel_benchmark.json,CORRECTED_GPU_RUN_COMPLETE
biogpt-large,INT8-BnB,FPF_rate,0.0191,0.0191,0.0042,-0.0149,<local>/runs/full_seed42_corrected_20260911/multimodel_benchmark.json,CORRECTED_GPU_RUN_COMPLETE
biogpt-large,INT8-BnB,CFPR,0.9724,0.9724,0.9914,0.018999999999999906,<local>/runs/full_seed42_corrected_20260911/multimodel_benchmark.json,CORRECTED_GPU_RUN_COMPLETE
biogpt-large,INT8-BnB,CFFR,0.0276,0.0276,0.0086,-0.019,<local>/runs/full_seed42_corrected_20260911/multimodel_benchmark.json,CORRECTED_GPU_RUN_COMPLETE
biogpt-large,NF4-BnB,bleu_1,0.2906,0.2906,0.3924,0.1018,<local>/runs/full_seed42_corrected_20260911/multimodel_benchmark.json,CORRECTED_GPU_RUN_COMPLETE
biogpt-large,NF4-BnB,bleu_4,0.1124,0.1124,0.1553,0.042899999999999994,<local>/runs/full_seed42_corrected_20260911/multimodel_benchmark.json,CORRECTED_GPU_RUN_COMPLETE
biogpt-large,NF4-BnB,rouge_1,0.5563,0.5563,0.5655,0.009199999999999986,<local>/runs/full_seed42_corrected_20260911/multimodel_benchmark.json,CORRECTED_GPU_RUN_COMPLETE
biogpt-large,NF4-BnB,rouge_2,0.4103,0.4103,0.4274,0.017100000000000004,<local>/runs/full_seed42_corrected_20260911/multimodel_benchmark.json,CORRECTED_GPU_RUN_COMPLETE
biogpt-large,NF4-BnB,rouge_l,0.431,0.431,0.4921,0.06109999999999999,<local>/runs/full_seed42_corrected_20260911/multimodel_benchmark.json,CORRECTED_GPU_RUN_COMPLETE
biogpt-large,NF4-BnB,ce_micro_f1,0.2992,0.2992,0.4746,0.1754,<local>/runs/full_seed42_corrected_20260911/multimodel_benchmark.json,CORRECTED_GPU_RUN_COMPLETE
biogpt-large,NF4-BnB,ce_macro_f1,0.2344,0.2344,0.3339,0.09949999999999998,<local>/runs/full_seed42_corrected_20260911/multimodel_benchmark.json,CORRECTED_GPU_RUN_COMPLETE
biogpt-large,NF4-BnB,FNF_rate,0.4118,0.4118,0.3548,-0.056999999999999995,<local>/runs/full_seed42_corrected_20260911/multimodel_benchmark.json,CORRECTED_GPU_RUN_COMPLETE
biogpt-large,NF4-BnB,FPF_rate,0.0185,0.0185,0.0131,-0.0053999999999999986,<local>/runs/full_seed42_corrected_20260911/multimodel_benchmark.json,CORRECTED_GPU_RUN_COMPLETE
biogpt-large,NF4-BnB,CFPR,0.9661,0.9661,0.9747,0.008600000000000052,<local>/runs/full_seed42_corrected_20260911/multimodel_benchmark.json,CORRECTED_GPU_RUN_COMPLETE
biogpt-large,NF4-BnB,CFFR,0.0339,0.0339,0.0253,-0.0086,<local>/runs/full_seed42_corrected_20260911/multimodel_benchmark.json,CORRECTED_GPU_RUN_COMPLETE
