model,config,metric,historical,corrected,delta_new_minus_old,paired_ci95_low,paired_ci95_high,direction,n_reports,resamples,seed
distilgpt2,FP32,ce_micro_f1,0.07526881720430108,0.058091286307053944,-0.017177530897247134,-0.07573380595564384,0.037114963745328855,inconclusive,134,2000,42
distilgpt2,FP16,ce_micro_f1,0.06779661016949153,0.06374501992031872,-0.004051590249172801,-0.06544566544566544,0.0490752702846138,inconclusive,134,2000,42
distilgpt2,FP16,FNF_rate,0.16923076923076924,0.23243243243243245,0.0632016632016632,-0.051970504390171,0.1686478085942424,inconclusive,134,2000,42
distilgpt2,INT8-BnB,ce_micro_f1,0.06741573033707865,0.05660377358490566,-0.010811956752172988,-0.05212068839791707,0.03033446435776582,inconclusive,134,2000,42
distilgpt2,INT8-BnB,FNF_rate,0.5076923076923077,0.572972972972973,0.06528066528066534,-0.043724871447616255,0.18455433437455146,inconclusive,134,2000,42
distilgpt2,NF4-BnB,ce_micro_f1,0.08092485549132948,0.08064516129032258,-0.00027969420100690257,-0.053094130875155125,0.05181225960926154,inconclusive,134,2000,42
distilgpt2,NF4-BnB,FNF_rate,0.6538461538461539,0.6054054054054054,-0.048440748440748416,-0.16388382691205974,0.08301319678556565,inconclusive,134,2000,42
gpt2,FP32,ce_micro_f1,0.10666666666666667,0.096,-0.010666666666666672,-0.06751684248284306,0.04935891889130138,inconclusive,134,2000,42
gpt2,FP16,ce_micro_f1,0.07766990291262135,0.10833333333333334,0.030663430420711985,-0.03209096362625152,0.0904411159781851,inconclusive,134,2000,42
gpt2,FP16,FNF_rate,0.20118343195266272,0.23195876288659795,0.030775330933935224,-0.08337259456981318,0.14160091880555273,inconclusive,134,2000,42
gpt2,INT8-BnB,ce_micro_f1,0.11267605633802817,0.06363636363636363,-0.04903969270166454,-0.13613804994687387,0.031921646864579586,inconclusive,134,2000,42
gpt2,INT8-BnB,FNF_rate,0.5384615384615384,0.6082474226804123,0.06978588421887388,-0.027040458630885073,0.16120230437255179,inconclusive,134,2000,42
gpt2,NF4-BnB,ce_micro_f1,0.03870967741935484,0.06382978723404255,0.025120109814687708,-0.025219679458469115,0.07174894329437526,inconclusive,134,2000,42
gpt2,NF4-BnB,FNF_rate,0.7751479289940828,0.7938144329896907,0.018666503995607875,-0.07185881918914716,0.11892210364277438,inconclusive,134,2000,42
gpt2-medium,FP32,ce_micro_f1,0.11834319526627218,0.12345679012345678,0.0051135948571846,-0.06241228070175438,0.0757684369264365,inconclusive,134,2000,42
gpt2-medium,FP16,ce_micro_f1,0.11834319526627218,0.12345679012345678,0.0051135948571846,-0.06601335377931122,0.07969167838400473,inconclusive,134,2000,42
gpt2-medium,FP16,FNF_rate,0.1415929203539823,0.19811320754716982,0.056520287193187524,-0.05787875876976404,0.1752672058896952,inconclusive,134,2000,42
gpt2-medium,INT8-BnB,ce_micro_f1,0.1,0.0975609756097561,-0.0024390243902439046,-0.061135214142532375,0.06578964919301052,inconclusive,134,2000,42
gpt2-medium,INT8-BnB,FNF_rate,0.6194690265486725,0.5660377358490566,-0.05343129069961594,-0.17225004876502573,0.06585600898775176,inconclusive,134,2000,42
gpt2-medium,NF4-BnB,ce_micro_f1,0.14457831325301204,0.07035175879396985,-0.0742265544590422,-0.1809374258784251,0.02789819128711809,inconclusive,134,2000,42
gpt2-medium,NF4-BnB,FNF_rate,0.7345132743362832,0.7264150943396226,-0.008098179996660626,-0.13379244901358842,0.11439240917016232,inconclusive,134,2000,42
biogpt,FP32,ce_micro_f1,0.2975206611570248,0.38333333333333336,0.08581267217630856,-0.02803062133944488,0.21502888415931892,inconclusive,134,2000,42
biogpt,FP16,ce_micro_f1,0.2975206611570248,0.38333333333333336,0.08581267217630856,-0.02803062133944488,0.21502888415931892,inconclusive,134,2000,42
biogpt,FP16,FNF_rate,0.0,0.0,0.0,0.0,0.0,inconclusive,134,2000,42
biogpt,INT8-BnB,ce_micro_f1,0.296875,0.3508771929824561,0.05400219298245612,-0.04657369976359339,0.1700532533181951,inconclusive,134,2000,42
biogpt,INT8-BnB,FNF_rate,0.13846153846153847,0.171875,0.03341346153846153,-0.12567756600804333,0.18523244208681752,inconclusive,134,2000,42
biogpt,NF4-BnB,ce_micro_f1,0.23728813559322035,0.32,0.08271186440677966,-0.03480182243688693,0.20748106060606045,inconclusive,134,2000,42
biogpt,NF4-BnB,FNF_rate,0.46153846153846156,0.515625,0.054086538461538436,-0.12337897086228564,0.23181347320194157,inconclusive,134,2000,42
pythia-1b,FP32,ce_micro_f1,0.3140495867768595,0.2809917355371901,-0.03305785123966942,-0.12325063602912352,0.059066061015158954,inconclusive,134,2000,42
pythia-1b,FP16,ce_micro_f1,0.32786885245901637,0.2809917355371901,-0.04687711692182628,-0.13393649698249033,0.04668876239152135,inconclusive,134,2000,42
pythia-1b,FP16,FNF_rate,0.0,0.0,0.0,0.0,0.0,inconclusive,134,2000,42
pythia-1b,INT8-BnB,ce_micro_f1,0.3090909090909091,0.25210084033613445,-0.056990068754774637,-0.14159630071710325,0.03580647516250732,inconclusive,134,2000,42
pythia-1b,INT8-BnB,FNF_rate,0.24615384615384617,0.15384615384615385,-0.09230769230769231,-0.30954690831556503,0.10807590975169633,inconclusive,134,2000,42
pythia-1b,NF4-BnB,ce_micro_f1,0.36363636363636365,0.34234234234234234,-0.021294021294021304,-0.13598226919633835,0.08634180700518654,inconclusive,134,2000,42
pythia-1b,NF4-BnB,FNF_rate,0.4153846153846154,0.4307692307692308,0.015384615384615385,-0.2018018617021276,0.21483857725515118,inconclusive,134,2000,42
biogpt-large,FP32,ce_micro_f1,0.3870967741935484,0.3389830508474576,-0.048113723346090764,-0.18575107163321491,0.0783883183568677,inconclusive,134,2000,42
biogpt-large,FP16,ce_micro_f1,0.390625,0.34782608695652173,-0.04279891304347827,-0.1877771986683465,0.09025443713873647,inconclusive,134,2000,42
biogpt-large,FP16,FNF_rate,0.014705882352941176,0.04838709677419355,0.03368121442125237,-0.03278688524590164,0.1267605633802817,inconclusive,134,2000,42
biogpt-large,INT8-BnB,ce_micro_f1,0.34285714285714286,0.37606837606837606,0.033211233211233204,-0.1045539208308248,0.17173524108100457,inconclusive,134,2000,42
biogpt-large,INT8-BnB,FNF_rate,0.23529411764705882,0.12903225806451613,-0.1062618595825427,-0.25399528466822985,0.04582327351195277,inconclusive,134,2000,42
biogpt-large,NF4-BnB,ce_micro_f1,0.2992125984251969,0.4745762711864407,0.17536367276124382,0.05000795909350802,0.2916076978642649,improved,134,2000,42
biogpt-large,NF4-BnB,FNF_rate,0.4117647058823529,0.3548387096774194,-0.05692599620493355,-0.21304480477149965,0.10449728765084516,inconclusive,134,2000,42
