model,config,b,c,p
distilgpt2,FP16,41,39,0.9110721212260928
distilgpt2,INT8-BnB,124,91,0.028845836966671323
distilgpt2,NF4-BnB,156,107,0.003005528412181556
gpt2,FP16,39,30,0.33555761823401514
gpt2,INT8-BnB,86,96,0.5048025229491022
gpt2,NF4-BnB,146,90,0.00032385002736232756
gpt2-medium,FP16,15,19,0.6075913612730801
gpt2-medium,INT8-BnB,72,64,0.5485023614867376
gpt2-medium,NF4-BnB,83,112,0.04467251586059406
biogpt,FP16,3,0,0.25
biogpt,INT8-BnB,11,12,1.0
biogpt,NF4-BnB,22,22,1.0
pythia-1b,FP16,0,0,1.0
pythia-1b,INT8-BnB,8,3,0.2265625
pythia-1b,NF4-BnB,21,21,1.0
biogpt-large,FP16,0,0,1.0
biogpt-large,INT8-BnB,13,5,0.09625244140625
biogpt-large,NF4-BnB,18,15,0.7283324808813632
