seed,model,precision,fp32_pos,fp32_neg,b_lost,c_gained,FNF,FNF_ci_low,FNF_ci_high,FNF_undefined_resamples,FPF,FPF_ci_low,FPF_ci_high,reports_with_any_change,n_reports
42,distilgpt2,FP16,185,1557,43,53,0.2324,0.1632,0.3041,0,0.034,0.0238,0.045,51,134
42,distilgpt2,INT8,185,1557,106,77,0.573,0.4907,0.6528,0,0.0495,0.0369,0.0624,89,134
42,distilgpt2,NF4,185,1557,112,119,0.6054,0.5304,0.6836,0,0.0764,0.0649,0.0889,111,134
42,gpt2,FP16,194,1548,45,35,0.232,0.1568,0.3087,0,0.0226,0.0147,0.0316,45,134
42,gpt2,INT8,194,1548,118,88,0.6082,0.534,0.6897,0,0.0568,0.0431,0.0724,90,134
42,gpt2,NF4,194,1548,154,92,0.7938,0.7398,0.8526,0,0.0594,0.0463,0.0731,104,134
42,gpt2-medium,FP16,106,1636,21,21,0.1981,0.1158,0.2917,0,0.0128,0.0061,0.0203,25,134
42,gpt2-medium,INT8,106,1636,60,62,0.566,0.4775,0.6596,0,0.0379,0.028,0.0491,73,134
42,gpt2-medium,NF4,106,1636,77,114,0.7264,0.6392,0.8152,0,0.0697,0.0559,0.0837,98,134
42,biogpt,FP16,64,1678,0,0,0.0,0.0,0.0,0,0.0,0.0,0.0,0,134
42,biogpt,INT8,64,1678,11,5,0.1719,0.0714,0.2712,0,0.003,0.0006,0.0059,11,134
42,biogpt,NF4,64,1678,33,13,0.5156,0.3469,0.6667,0,0.0077,0.0035,0.0132,21,134
42,pythia-1b,FP16,65,1677,0,0,0.0,0.0,0.0,0,0.0,0.0,0.0,0,134
42,pythia-1b,INT8,65,1677,10,8,0.1538,0.0512,0.2692,0,0.0048,0.0012,0.009,12,134
42,pythia-1b,NF4,65,1677,28,18,0.4308,0.283,0.5714,0,0.0107,0.0054,0.0168,24,134
42,biogpt-large,FP16,62,1680,3,0,0.0484,0.0,0.1346,0,0.0,0.0,0.0,2,134
42,biogpt-large,INT8,62,1680,8,7,0.129,0.0492,0.2308,0,0.0042,0.0006,0.0089,10,134
42,biogpt-large,NF4,62,1680,22,22,0.3548,0.2131,0.5,0,0.0131,0.0071,0.0203,25,134
123,distilgpt2,FP16,184,1558,41,62,0.2228,0.1526,0.2938,0,0.0398,0.0287,0.0518,49,134
123,distilgpt2,INT8,184,1558,99,77,0.538,0.4628,0.6203,0,0.0494,0.0377,0.0619,93,134
123,distilgpt2,NF4,184,1558,128,101,0.6957,0.63,0.7605,0,0.0648,0.0532,0.0774,109,134
123,gpt2,FP16,175,1567,48,56,0.2743,0.1942,0.3592,0,0.0357,0.0248,0.0473,50,134
123,gpt2,INT8,175,1567,78,95,0.4457,0.36,0.5395,0,0.0606,0.0473,0.0744,85,134
123,gpt2,NF4,175,1567,148,81,0.8457,0.7772,0.9106,0,0.0517,0.0399,0.0639,92,134
123,gpt2-medium,FP16,128,1614,30,12,0.2344,0.1395,0.3305,0,0.0074,0.0031,0.0118,25,134
123,gpt2-medium,INT8,128,1614,80,70,0.625,0.5268,0.7213,0,0.0434,0.0321,0.0555,73,134
123,gpt2-medium,NF4,128,1614,90,108,0.7031,0.6154,0.7847,0,0.0669,0.0543,0.0802,101,134
123,biogpt,FP16,57,1685,0,0,0.0,0.0,0.0,0,0.0,0.0,0.0,0,134
123,biogpt,INT8,57,1685,8,11,0.1404,0.0426,0.2609,0,0.0065,0.0018,0.0126,11,134
123,biogpt,NF4,57,1685,20,11,0.3509,0.2333,0.4839,0,0.0065,0.0024,0.0113,24,134
123,pythia-1b,FP16,70,1672,0,0,0.0,0.0,0.0,0,0.0,0.0,0.0,0,134
123,pythia-1b,INT8,70,1672,9,12,0.1286,0.05,0.2286,0,0.0072,0.0024,0.0127,13,134
123,pythia-1b,NF4,70,1672,32,20,0.4571,0.2817,0.6207,0,0.012,0.0054,0.0199,24,134
123,biogpt-large,FP16,58,1684,0,0,0.0,0.0,0.0,0,0.0,0.0,0.0,0,134
123,biogpt-large,INT8,58,1684,18,11,0.3103,0.1613,0.4677,0,0.0065,0.0023,0.0119,14,134
123,biogpt-large,NF4,58,1684,21,21,0.3621,0.2182,0.5143,0,0.0125,0.0065,0.02,22,134
777,distilgpt2,FP16,175,1567,37,40,0.2114,0.1381,0.2907,0,0.0255,0.0167,0.035,40,134
777,distilgpt2,INT8,175,1567,92,115,0.5257,0.4343,0.6167,0,0.0734,0.0601,0.0884,98,134
777,distilgpt2,NF4,175,1567,120,147,0.6857,0.609,0.7558,0,0.0938,0.0768,0.1114,105,134
777,gpt2,FP16,183,1559,33,34,0.1803,0.117,0.2471,0,0.0218,0.014,0.0304,35,134
777,gpt2,INT8,183,1559,98,101,0.5355,0.4481,0.6278,0,0.0648,0.051,0.0789,89,134
777,gpt2,NF4,183,1559,130,78,0.7104,0.6464,0.774,0,0.05,0.039,0.0621,101,134
777,gpt2-medium,FP16,107,1635,14,15,0.1308,0.0602,0.2091,0,0.0092,0.0037,0.0159,18,134
777,gpt2-medium,INT8,107,1635,56,67,0.5234,0.4074,0.6373,0,0.041,0.0305,0.0521,72,134
777,gpt2-medium,NF4,107,1635,65,98,0.6075,0.5052,0.7212,0,0.0599,0.0459,0.0744,77,134
777,biogpt,FP16,59,1683,0,0,0.0,0.0,0.0,0,0.0,0.0,0.0,0,134
777,biogpt,INT8,59,1683,8,2,0.1356,0.05,0.24,0,0.0012,0.0,0.0036,7,134
777,biogpt,NF4,59,1683,24,30,0.4068,0.2439,0.5714,0,0.0178,0.0083,0.0297,25,134
777,pythia-1b,FP16,58,1684,2,0,0.0345,0.0,0.1081,0,0.0,0.0,0.0,1,134
777,pythia-1b,INT8,58,1684,10,13,0.1724,0.0577,0.3065,0,0.0077,0.0024,0.0138,9,134
777,pythia-1b,NF4,58,1684,25,18,0.431,0.2857,0.5918,0,0.0107,0.0041,0.019,22,134
777,biogpt-large,FP16,61,1681,4,2,0.0656,0.0,0.1702,0,0.0012,0.0,0.0036,2,134
777,biogpt-large,INT8,61,1681,20,10,0.3279,0.186,0.4762,0,0.0059,0.0018,0.0119,15,134
777,biogpt-large,NF4,61,1681,20,19,0.3279,0.1803,0.4808,0,0.0113,0.0053,0.0185,21,134
2024,distilgpt2,FP16,226,1516,41,39,0.1814,0.1197,0.2458,0,0.0257,0.016,0.0365,40,134
2024,distilgpt2,INT8,226,1516,124,91,0.5487,0.4694,0.6269,0,0.06,0.0467,0.0737,96,134
2024,distilgpt2,NF4,226,1516,156,107,0.6903,0.6272,0.755,0,0.0706,0.0567,0.0848,106,134
2024,gpt2,FP16,173,1569,39,30,0.2254,0.1405,0.3184,0,0.0191,0.0103,0.0289,34,134
2024,gpt2,INT8,173,1569,86,96,0.4971,0.4048,0.5928,0,0.0612,0.048,0.0747,87,134
2024,gpt2,NF4,173,1569,146,90,0.8439,0.7875,0.9011,0,0.0574,0.044,0.0719,97,134
2024,gpt2-medium,FP16,127,1615,15,19,0.1181,0.0459,0.2061,0,0.0118,0.0062,0.0192,20,134
2024,gpt2-medium,INT8,127,1615,72,64,0.5669,0.4555,0.6807,0,0.0396,0.028,0.0512,69,134
2024,gpt2-medium,NF4,127,1615,83,112,0.6535,0.5532,0.7478,0,0.0693,0.0565,0.0831,94,134
2024,biogpt,FP16,58,1684,3,0,0.0517,0.0,0.16,0,0.0,0.0,0.0,1,134
2024,biogpt,INT8,58,1684,11,12,0.1897,0.0526,0.347,0,0.0071,0.003,0.0119,13,134
2024,biogpt,NF4,58,1684,22,22,0.3793,0.2407,0.5246,0,0.0131,0.0071,0.0196,24,134
2024,pythia-1b,FP16,62,1680,0,0,0.0,0.0,0.0,0,0.0,0.0,0.0,0,134
2024,pythia-1b,INT8,62,1680,8,3,0.129,0.0455,0.2258,0,0.0018,0.0,0.0042,9,134
2024,pythia-1b,NF4,62,1680,21,21,0.3387,0.1852,0.5122,0,0.0125,0.0053,0.0221,19,134
2024,biogpt-large,FP16,56,1686,0,0,0.0,0.0,0.0,0,0.0,0.0,0.0,0,134
2024,biogpt-large,INT8,56,1686,13,5,0.2321,0.1111,0.375,0,0.003,0.0006,0.0059,12,134
2024,biogpt-large,NF4,56,1686,18,15,0.3214,0.1956,0.4603,0,0.0089,0.0047,0.0136,24,134
31415,distilgpt2,FP16,186,1556,33,29,0.1774,0.1096,0.25,0,0.0186,0.0116,0.0268,36,134
31415,distilgpt2,INT8,186,1556,84,103,0.4516,0.3591,0.5365,0,0.0662,0.0531,0.0797,88,134
31415,distilgpt2,NF4,186,1556,126,109,0.6774,0.6035,0.7473,0,0.0701,0.0569,0.0826,109,134
31415,gpt2,FP16,207,1535,37,43,0.1787,0.1217,0.24,0,0.028,0.0177,0.0388,43,134
31415,gpt2,INT8,207,1535,117,118,0.5652,0.4794,0.6536,0,0.0769,0.0619,0.0917,100,134
31415,gpt2,NF4,207,1535,144,117,0.6957,0.6222,0.7739,0,0.0762,0.06,0.0934,105,134
31415,gpt2-medium,FP16,152,1590,27,23,0.1776,0.0915,0.2698,0,0.0145,0.0076,0.0222,24,134
31415,gpt2-medium,INT8,152,1590,89,68,0.5855,0.4931,0.6763,0,0.0428,0.0318,0.0543,85,134
31415,gpt2-medium,NF4,152,1590,107,139,0.7039,0.6273,0.7869,0,0.0874,0.0702,0.1049,104,134
31415,biogpt,FP16,55,1687,0,0,0.0,0.0,0.0,0,0.0,0.0,0.0,0,134
31415,biogpt,INT8,55,1687,5,17,0.0909,0.0244,0.16,0,0.0101,0.0035,0.018,11,134
31415,biogpt,NF4,55,1687,18,20,0.3273,0.1667,0.4902,0,0.0119,0.0064,0.0179,22,134
31415,pythia-1b,FP16,49,1693,1,4,0.0204,0.0,0.0698,0,0.0024,0.0,0.0059,2,134
31415,pythia-1b,INT8,49,1693,1,6,0.0204,0.0,0.0682,0,0.0035,0.0006,0.0076,5,134
31415,pythia-1b,NF4,49,1693,23,26,0.4694,0.3276,0.6141,0,0.0154,0.0082,0.0235,27,134
31415,biogpt-large,FP16,59,1683,1,0,0.0169,0.0,0.0536,0,0.0,0.0,0.0,1,134
31415,biogpt-large,INT8,59,1683,8,12,0.1356,0.0448,0.234,0,0.0071,0.0029,0.0118,14,134
31415,biogpt-large,NF4,59,1683,17,18,0.2881,0.1666,0.4131,0,0.0107,0.0047,0.0177,17,134
