model,precision,n_runs,ms_report_mean,ms_report_sd,ms_report_ci_half,ms_token_mean,ms_token_sd,ms_token_cv_pct,mem_mib_mean,mem_mib_sd
distilgpt2,FP32,5,39.0,0.2,0.3,0.68,0.0,0.6,459.0,0.0
distilgpt2,FP16,5,38.5,0.2,0.3,0.67,0.0,0.6,239.0,0.0
distilgpt2,INT8,5,102.7,0.7,0.9,1.8,0.01,0.8,199.0,0.0
distilgpt2,NF4,5,71.0,0.5,0.6,1.24,0.01,0.9,179.0,0.0
gpt2,FP32,5,67.9,0.2,0.2,1.18,0.01,0.5,672.0,0.0
gpt2,FP16,5,67.0,1.0,1.2,1.16,0.02,1.9,343.0,0.0
gpt2,INT8,5,198.0,0.8,1.0,3.45,0.02,0.5,262.0,0.0
gpt2,NF4,5,131.8,0.6,0.8,2.28,0.02,0.9,224.0,0.3
gpt2-medium,FP32,5,127.6,1.0,1.2,2.28,0.01,0.4,1728.0,0.0
gpt2-medium,FP16,5,124.0,0.8,1.0,2.23,0.03,1.5,871.0,0.0
gpt2-medium,INT8,5,397.1,1.4,1.7,7.06,0.06,0.9,584.0,0.0
gpt2-medium,NF4,5,253.6,1.1,1.3,4.35,0.06,1.3,458.0,0.0
biogpt,FP32,5,52.8,1.5,1.9,4.64,0.19,4.2,1614.0,12.3
biogpt,FP16,5,49.4,2.0,2.5,4.36,0.24,5.5,812.0,1.8
biogpt,INT8,5,273.2,6.8,8.5,23.42,0.63,2.7,531.0,0.0
biogpt,NF4,5,131.5,12.3,15.3,11.92,0.76,6.4,390.0,4.7
pythia-1b,FP32,5,59.5,4.0,5.0,4.31,0.02,0.6,4289.0,7.9
pythia-1b,FP16,5,49.1,3.8,4.7,3.55,0.03,0.9,2154.0,6.3
pythia-1b,INT8,5,162.6,13.0,16.1,11.62,0.5,4.3,1405.0,0.3
pythia-1b,NF4,5,91.9,7.2,9.0,6.7,0.33,5.0,1036.0,8.9
biogpt-large,FP32,5,111.5,5.5,6.9,9.51,0.32,3.4,6856.0,67.8
biogpt-large,FP16,5,93.8,6.5,8.1,8.03,0.36,4.5,3439.0,37.2
biogpt-large,INT8,5,464.4,48.9,60.7,39.57,2.35,5.9,2031.0,20.1
biogpt-large,NF4,5,290.7,9.6,11.9,23.71,0.82,3.5,1376.0,35.4
