seed,model,precision,device,ms_per_report,ms_per_token,peak_alloc_mib,batch_ms_per_report_cv
42,distilgpt2,FP32,MIG-b229,38.993192461333166,0.6818592965964563,459.42578125,0.08231604475957406
42,distilgpt2,FP16,MIG-b229,38.61379617852951,0.674608694644453,238.5166015625,0.07873235135845161
42,distilgpt2,INT8,MIG-b229,103.17286122729307,1.8091027747261543,198.90673828125,0.07694299588158568
42,distilgpt2,NF4,MIG-b229,71.00269576506828,1.2415974464986492,179.19140625,0.07760424087800487
42,gpt2,FP32,MIG-75de,67.61569331692003,1.18067538499704,671.5732421875,0.07747141502739556
42,gpt2,FP16,MIG-75de,66.75230360715024,1.1698677325867293,342.896484375,0.076479643503226
42,gpt2,INT8,MIG-75de,198.95896496974044,3.4714194408782837,262.0146484375,0.0748562117770692
42,gpt2,NF4,MIG-75de,132.03809269245212,2.3028900716892604,224.0263671875,0.07942405576740326
42,gpt2-medium,FP32,MIG-b229,128.06040185517563,2.2807142276174286,1728.294921875,0.07738914453239185
42,gpt2-medium,FP16,MIG-b229,123.95276075729461,2.2019978710695316,870.9140625,0.07800041263216287
42,gpt2-medium,INT8,MIG-b229,396.0083225505677,7.05465504144856,584.12451171875,0.07976725885384787
42,gpt2-medium,NF4,MIG-b229,253.02192331778247,4.306482627280941,457.86962890625,0.07879981581602578
42,biogpt,FP32,MIG-75de,52.10024527788384,4.771997858671521,1604.3359375,0.33421492005483744
42,biogpt,FP16,MIG-75de,50.187840661617805,4.6348522733678745,811.625,0.3461006737736189
42,biogpt,INT8,MIG-75de,278.1750962986097,24.173451948128207,531.0380859375,0.36746487484871715
42,biogpt,NF4,MIG-75de,115.00294895064252,11.389796865769474,386.89990234375,0.3892798743805604
42,pythia-1b,FP32,MIG-b229,59.8403782125062,4.274312729464729,4302.60791015625,0.36092237743849137
42,pythia-1b,FP16,MIG-b229,49.684021698394375,3.5281711221965266,2165.09033203125,0.40872817744495576
42,pythia-1b,INT8,MIG-b229,179.65028337689478,12.512025973234875,1405.14208984375,0.3583164432901126
42,pythia-1b,NF4,MIG-b229,85.46426569792762,6.227412508712507,1027.87890625,0.3087563102682147
42,biogpt-large,FP32,MIG-75de,108.79017296594692,9.314941327435712,6820.06298828125,0.3333762664310655
42,biogpt-large,FP16,MIG-75de,95.47882520162793,8.072026862472013,3419.5556640625,0.3741967993639644
42,biogpt-large,INT8,MIG-75de,533.3271106677269,42.89665836102965,2041.30859375,0.41182773206707346
42,biogpt-large,NF4,MIG-75de,297.57567031531414,23.414644640195007,1378.7822265625,0.40165573470367355
123,distilgpt2,FP32,MIG-75de,39.04274377777283,0.6786519219381968,459.42578125,0.07626928192642962
123,distilgpt2,FP16,MIG-75de,38.605431824533355,0.6710504429222297,238.5166015625,0.07835054946488211
123,distilgpt2,INT8,MIG-75de,103.62929661077128,1.81259962744333,198.90673828125,0.08126582146905474
123,distilgpt2,NF4,MIG-75de,70.76612145487053,1.2366536613135954,179.19140625,0.0789679028535573
123,gpt2,FP32,MIG-b229,68.09099690655052,1.1872730755338672,671.5732421875,0.07685950739516495
123,gpt2,FP16,MIG-b229,68.74709244150279,1.1984012471915408,342.896484375,0.11419254411371663
123,gpt2,INT8,MIG-b229,198.12581068905655,3.4291989966847813,262.0146484375,0.07828029895709004
123,gpt2,NF4,MIG-b229,131.64587601769105,2.2862295731428977,224.0263671875,0.08097211699778954
123,gpt2-medium,FP32,MIG-75de,128.11909221918947,2.293648411138462,1728.294921875,0.07652992882655975
123,gpt2-medium,FP16,MIG-75de,123.97700151317378,2.233219277156242,870.9140625,0.07905544777026366
123,gpt2-medium,INT8,MIG-75de,398.9675508172654,7.146324262734069,584.12548828125,0.0800947746655648
123,gpt2-medium,NF4,MIG-75de,254.25947298393098,4.308392688397414,457.86962890625,0.07784902359293741
123,biogpt,FP32,MIG-b229,54.78611956142,4.910595331926609,1602.9287109375,0.28130054492517476
123,biogpt,FP16,MIG-b229,51.233076219405255,4.585993462525253,811.0615234375,0.27760126716989025
123,biogpt,INT8,MIG-b229,272.884126050648,24.00950288298544,531.03759765625,0.3759016443633237
123,biogpt,NF4,MIG-b229,135.63748884862707,12.16561144960912,392.10888671875,0.34622269510387926
123,pythia-1b,FP32,MIG-75de,65.93308401113349,4.290934073575467,4283.5478515625,0.3033046003981351
123,pythia-1b,FP16,MIG-75de,54.93914035718832,3.575446725528526,2150.7548828125,0.3376269458097103
123,pythia-1b,INT8,MIG-75de,169.01367342572158,11.36368903113231,1404.72265625,0.3358351506576855
123,pythia-1b,NF4,MIG-75de,102.43562946040461,6.953583762763029,1050.2470703125,0.34122322282362116
123,biogpt-large,FP32,MIG-b229,108.18876507483535,9.094915006291052,6796.72119140625,0.3619344578632572
123,biogpt-large,FP16,MIG-b229,89.93524358149118,7.603358132441525,3407.93994140625,0.39848156575278604
123,biogpt-large,INT8,MIG-b229,424.315109223461,37.855009744303445,2019.02392578125,0.36456685241863224
123,biogpt-large,NF4,MIG-b229,296.99040545539845,25.17186232196293,1361.56884765625,0.5139119401093378
777,distilgpt2,FP32,MIG-75de,38.6600301656594,0.6739227321709848,459.42578125,0.07542297308702794
777,distilgpt2,FP16,MIG-75de,38.47848070062586,0.6717191784632445,238.5166015625,0.07738077586512358
777,distilgpt2,INT8,MIG-75de,101.90075305082016,1.781202831830146,198.90673828125,0.08127630363026873
777,distilgpt2,NF4,MIG-75de,70.78555744808557,1.2352213436702,179.19140625,0.08211404051567014
777,gpt2,FP32,MIG-b229,67.89767175023235,1.1760972097377373,671.5732421875,0.08243192691491905
777,gpt2,FP16,MIG-b229,66.39759173032952,1.1559409239787133,342.896484375,0.07850439396609467
777,gpt2,INT8,MIG-b229,197.8518832266442,3.4391169220872126,262.0146484375,0.07893289582091692
777,gpt2,NF4,MIG-b229,131.3577068469195,2.259845001603186,223.5068359375,0.0780272850550124
777,gpt2-medium,FP32,MIG-75de,126.19849883798344,2.2904779688866017,1728.294921875,0.07706294635840279
777,gpt2-medium,FP16,MIG-75de,123.28064823940174,2.2855017797564794,870.9140625,0.0794157166643671
777,gpt2-medium,INT8,MIG-75de,395.9006601666559,7.075311878145091,584.12353515625,0.07838684756939952
777,gpt2-medium,NF4,MIG-75de,253.74756757614773,4.4441477003272505,457.86962890625,0.08065529227792043
777,biogpt,FP32,MIG-b229,53.97469278619583,4.48951510450046,1627.43017578125,0.4259113256795122
777,biogpt,FP16,MIG-b229,50.071101670445344,4.222484344770092,812.1396484375,0.4284849719987601
777,biogpt,INT8,MIG-b229,277.85760384581204,23.154800320484338,531.0380859375,0.3822121248913029
777,biogpt,NF4,MIG-b229,147.05434398475424,12.729510396613092,396.92041015625,0.4036447772991211
777,pythia-1b,FP32,MIG-75de,56.89232987560221,4.321752949733955,4287.8486328125,0.3456615767898733
777,pythia-1b,FP16,MIG-75de,46.52598871390766,3.5403080565949043,2153.7763671875,0.38118522726830234
777,pythia-1b,INT8,MIG-75de,153.49665209789995,11.345036613965028,1404.3916015625,0.41474045843424545
777,pythia-1b,NF4,MIG-75de,93.8691742398512,7.05071151801573,1038.2451171875,0.345705696249649
777,biogpt-large,FP32,MIG-b229,109.05809576081029,9.551493354214758,6820.0625,0.3497000675291982
777,biogpt-large,FP16,MIG-b229,86.75802388548183,7.781509505123538,3419.5556640625,0.3370562585752123
777,biogpt-large,INT8,MIG-b229,410.85385765407733,36.998936105945134,2004.494140625,0.3789694910196187
777,biogpt-large,NF4,MIG-b229,283.13184332853155,23.44849629544081,1341.54443359375,0.3502605862608999
2024,distilgpt2,FP32,MIG-75de,39.052050970772754,0.6814656635087315,459.42578125,0.07631805903125877
2024,distilgpt2,FP16,MIG-75de,38.10807658748618,0.6649931322728413,238.5166015625,0.07892108801645435
2024,distilgpt2,INT8,MIG-75de,102.2265076345361,1.7817835617882203,198.90673828125,0.07899818757760013
2024,distilgpt2,NF4,MIG-75de,70.42824340039003,1.2215097871670026,179.19140625,0.07998898112293841
2024,gpt2,FP32,MIG-b229,67.96615565918498,1.1811003577137578,671.5732421875,0.08980955924240859
2024,gpt2,FP16,MIG-b229,66.83937812557639,1.1567191875019032,342.896484375,0.07560883766688303
2024,gpt2,INT8,MIG-b229,198.29442811462638,3.465239093291593,262.0146484375,0.07840160400802784
2024,gpt2,NF4,MIG-b229,132.70193585820164,2.2950515494319847,223.5068359375,0.08453746718136756
2024,gpt2-medium,FP32,MIG-75de,127.12874322601441,2.283851936222809,1728.294921875,0.0772416252625167
2024,gpt2-medium,FP16,MIG-75de,123.4950189297991,2.2135276266175867,870.9140625,0.08043037527365754
2024,gpt2-medium,INT8,MIG-75de,396.57148059262937,7.0171105769724464,584.12548828125,0.0853635948870401
2024,gpt2-medium,NF4,MIG-75de,252.243884158001,4.377759419398023,457.86962890625,0.0778600858176155
2024,biogpt,FP32,MIG-b229,51.16762776177988,4.487213429370748,1627.42919921875,0.4387900149657055
2024,biogpt,FP16,MIG-b229,45.99723367910109,4.087287342837896,808.83154296875,0.37912520681661316
2024,biogpt,INT8,MIG-b229,261.52255397929406,22.934569524362175,531.037109375,0.38639377306951533
2024,biogpt,NF4,MIG-b229,135.66686244987284,12.417595333526613,385.5234375,0.47668659353972953
2024,pythia-1b,FP32,MIG-75de,55.60675168882555,4.329636680013146,4284.79736328125,0.33320681021369003
2024,pythia-1b,FP16,MIG-75de,45.10390529853862,3.5118671179571033,2150.75439453125,0.3887207474746092
2024,pythia-1b,INT8,MIG-75de,146.58839273641803,11.38715630532175,1404.4560546875,0.3747107605871419
2024,pythia-1b,NF4,MIG-75de,84.74562980179022,6.518894600137709,1029.37939453125,0.41251187903751907
2024,biogpt-large,FP32,MIG-b229,109.956648145149,9.661764492754076,6881.552734375,0.47190149472544046
2024,biogpt-large,FP16,MIG-b229,93.07884960782839,8.17873170324525,3450.31494140625,0.5213741709447934
2024,biogpt-large,INT8,MIG-b229,472.77988549043886,40.76737751333256,2030.97265625,0.4768402904513529
2024,biogpt-large,NF4,MIG-b229,277.6805473588852,23.2122229233254,1434.369140625,0.4202549928523055
31415,distilgpt2,FP32,MIG-75de,39.21660750325936,0.6838919059652205,459.42578125,0.07640676813265723
31415,distilgpt2,FP16,MIG-75de,38.71372807075951,0.6738944610914229,238.5166015625,0.0777088133615086
31415,distilgpt2,INT8,MIG-75de,102.74704525580825,1.7908564079446285,198.90673828125,0.08107597889389587
31415,distilgpt2,NF4,MIG-75de,71.77891065158062,1.250438641096178,179.19140625,0.07661477942398182
31415,gpt2,FP32,MIG-b229,67.82425516076498,1.1725519534953563,671.5732421875,0.07568868975683021
31415,gpt2,FP16,MIG-b229,66.30250999231392,1.139481382450951,342.896484375,0.0785828013692769
31415,gpt2,INT8,MIG-b229,196.69131051971397,3.4426117567452548,262.0146484375,0.07923116191036061
31415,gpt2,NF4,MIG-b229,131.0600739236532,2.25820366539405,224.0263671875,0.0827998909522365
31415,gpt2-medium,FP32,MIG-75de,128.7415269623274,2.2690207303632612,1728.294921875,0.07933902512243562
31415,gpt2-medium,FP16,MIG-75de,125.41322888278249,2.2217573599012232,870.9140625,0.08315867541236749
31415,gpt2-medium,INT8,MIG-75de,398.1283410563509,6.983793389390106,584.125,0.07599518886957282
31415,gpt2-medium,NF4,MIG-75de,254.93890666333374,4.335255519401868,457.86962890625,0.07856188124327827
31415,biogpt,FP32,MIG-b229,52.10934794827629,4.519516262180597,1608.3974609375,0.40040880875927887
31415,biogpt,FP16,MIG-b229,49.34381187629344,4.279657470176907,813.87548828125,0.4140847603383372
31415,biogpt,INT8,MIG-b229,275.3120004060442,22.829089142580397,531.03759765625,0.3427967378278153
31415,biogpt,NF4,MIG-b229,124.02243787811986,10.883435936914251,387.48193359375,0.39822196222378414
31415,pythia-1b,FP32,MIG-75de,59.075874860273366,4.325774443320563,4284.79736328125,0.24579700383729244
31415,pythia-1b,FP16,MIG-75de,48.999310526718844,3.5898893442210635,2150.44189453125,0.26705164178210944
31415,pythia-1b,INT8,MIG-75de,164.11359964021995,11.48966685046472,1404.53515625,0.3012467338192975
31415,pythia-1b,NF4,MIG-75de,93.09079915757722,6.735511386131397,1036.61865234375,0.41230829207620073
31415,biogpt-large,FP32,MIG-b229,121.26270772666851,9.932275571744242,6963.859375,0.4199145053045253
31415,biogpt-large,FP16,MIG-b229,103.93452243323424,8.523394128551645,3499.6708984375,0.4586009660086362
31415,biogpt-large,INT8,MIG-b229,480.95849989009884,39.32180536014231,2056.90576171875,0.43923159117123306
31415,biogpt-large,NF4,MIG-b229,297.88248321569677,23.301957239289766,1361.568359375,0.3306005513761016
