seed,subset,model,precision,n_reports,fp32_bleu4,bleu4,fp32_pos,fp32_neg,b,c,FNF,FPF
42,full,distilgpt2,FP16,134,0.0082,0.0083,185,1557,43,53,0.2324,0.034
42,full,distilgpt2,INT8,134,0.0082,0.0075,185,1557,106,77,0.573,0.0495
42,full,distilgpt2,NF4,134,0.0082,0.0103,185,1557,112,119,0.6054,0.0764
42,full,gpt2,FP16,134,0.0087,0.0087,194,1548,45,35,0.232,0.0226
42,full,gpt2,INT8,134,0.0087,0.0091,194,1548,118,88,0.6082,0.0568
42,full,gpt2,NF4,134,0.0087,0.0062,194,1548,154,92,0.7938,0.0594
42,full,gpt2-medium,FP16,134,0.012,0.012,106,1636,21,21,0.1981,0.0128
42,full,gpt2-medium,INT8,134,0.012,0.0125,106,1636,60,62,0.566,0.0379
42,full,gpt2-medium,NF4,134,0.012,0.0103,106,1636,77,114,0.7264,0.0697
42,full,biogpt,FP16,134,0.1788,0.1824,64,1678,0,0,0.0,0.0
42,full,biogpt,INT8,134,0.1788,0.1786,64,1678,11,5,0.1719,0.003
42,full,biogpt,NF4,134,0.1788,0.1853,64,1678,33,13,0.5156,0.0077
42,full,pythia-1b,FP16,134,0.1775,0.1771,65,1677,0,0,0.0,0.0
42,full,pythia-1b,INT8,134,0.1775,0.1676,65,1677,10,8,0.1538,0.0048
42,full,pythia-1b,NF4,134,0.1775,0.1831,65,1677,28,18,0.4308,0.0107
42,full,biogpt-large,FP16,134,0.1591,0.159,62,1680,3,0,0.0484,0.0
42,full,biogpt-large,INT8,134,0.1591,0.1463,62,1680,8,7,0.129,0.0042
42,full,biogpt-large,NF4,134,0.1591,0.1553,62,1680,22,22,0.3548,0.0131
42,dedup,distilgpt2,FP16,109,0.0079,0.008,149,1268,28,41,0.1879,0.0323
42,dedup,distilgpt2,INT8,109,0.0079,0.0069,149,1268,82,59,0.5503,0.0465
42,dedup,distilgpt2,NF4,109,0.0079,0.0095,149,1268,83,96,0.557,0.0757
42,dedup,gpt2,FP16,109,0.0075,0.0075,163,1254,39,32,0.2393,0.0255
42,dedup,gpt2,INT8,109,0.0075,0.006,163,1254,91,82,0.5583,0.0654
42,dedup,gpt2,NF4,109,0.0075,0.0063,163,1254,127,82,0.7791,0.0654
42,dedup,gpt2-medium,FP16,109,0.0104,0.0105,97,1320,16,17,0.1649,0.0129
42,dedup,gpt2-medium,INT8,109,0.0104,0.0103,97,1320,54,52,0.5567,0.0394
42,dedup,gpt2-medium,NF4,109,0.0104,0.008,97,1320,68,99,0.701,0.075
42,dedup,biogpt,FP16,109,0.1408,0.1446,64,1353,0,0,0.0,0.0
42,dedup,biogpt,INT8,109,0.1408,0.1415,64,1353,11,5,0.1719,0.0037
42,dedup,biogpt,NF4,109,0.1408,0.1444,64,1353,33,13,0.5156,0.0096
42,dedup,pythia-1b,FP16,109,0.138,0.1378,65,1352,0,0,0.0,0.0
42,dedup,pythia-1b,INT8,109,0.138,0.1276,65,1352,10,8,0.1538,0.0059
42,dedup,pythia-1b,NF4,109,0.138,0.1439,65,1352,28,18,0.4308,0.0133
42,dedup,biogpt-large,FP16,109,0.1199,0.12,62,1355,3,0,0.0484,0.0
42,dedup,biogpt-large,INT8,109,0.1199,0.1119,62,1355,8,7,0.129,0.0052
42,dedup,biogpt-large,NF4,109,0.1199,0.1165,62,1355,22,22,0.3548,0.0162
123,full,distilgpt2,FP16,134,0.0071,0.0092,184,1558,41,62,0.2228,0.0398
123,full,distilgpt2,INT8,134,0.0071,0.0089,184,1558,99,77,0.538,0.0494
123,full,distilgpt2,NF4,134,0.0071,0.0088,184,1558,128,101,0.6957,0.0648
123,full,gpt2,FP16,134,0.0119,0.0121,175,1567,48,56,0.2743,0.0357
123,full,gpt2,INT8,134,0.0119,0.0116,175,1567,78,95,0.4457,0.0606
123,full,gpt2,NF4,134,0.0119,0.0085,175,1567,148,81,0.8457,0.0517
123,full,gpt2-medium,FP16,134,0.0108,0.0108,128,1614,30,12,0.2344,0.0074
123,full,gpt2-medium,INT8,134,0.0108,0.0097,128,1614,80,70,0.625,0.0434
123,full,gpt2-medium,NF4,134,0.0108,0.0105,128,1614,90,108,0.7031,0.0669
123,full,biogpt,FP16,134,0.1509,0.1509,57,1685,0,0,0.0,0.0
123,full,biogpt,INT8,134,0.1509,0.1588,57,1685,8,11,0.1404,0.0065
123,full,biogpt,NF4,134,0.1509,0.1466,57,1685,20,11,0.3509,0.0065
123,full,pythia-1b,FP16,134,0.1689,0.1689,70,1672,0,0,0.0,0.0
123,full,pythia-1b,INT8,134,0.1689,0.1737,70,1672,9,12,0.1286,0.0072
123,full,pythia-1b,NF4,134,0.1689,0.1708,70,1672,32,20,0.4571,0.012
123,full,biogpt-large,FP16,134,0.1364,0.1362,58,1684,0,0,0.0,0.0
123,full,biogpt-large,INT8,134,0.1364,0.1368,58,1684,18,11,0.3103,0.0065
123,full,biogpt-large,NF4,134,0.1364,0.1405,58,1684,21,21,0.3621,0.0125
123,dedup,distilgpt2,FP16,109,0.0066,0.0093,148,1269,34,47,0.2297,0.037
123,dedup,distilgpt2,INT8,109,0.0066,0.0081,148,1269,75,57,0.5068,0.0449
123,dedup,distilgpt2,NF4,109,0.0066,0.0086,148,1269,100,81,0.6757,0.0638
123,dedup,gpt2,FP16,109,0.0113,0.0115,144,1273,32,51,0.2222,0.0401
123,dedup,gpt2,INT8,109,0.0113,0.0095,144,1273,54,80,0.375,0.0628
123,dedup,gpt2,NF4,109,0.0113,0.0086,144,1273,117,67,0.8125,0.0526
123,dedup,gpt2-medium,FP16,109,0.0088,0.0088,114,1303,29,11,0.2544,0.0084
123,dedup,gpt2-medium,INT8,109,0.0088,0.0072,114,1303,69,65,0.6053,0.0499
123,dedup,gpt2-medium,NF4,109,0.0088,0.0093,114,1303,77,95,0.6754,0.0729
123,dedup,biogpt,FP16,109,0.108,0.108,57,1360,0,0,0.0,0.0
123,dedup,biogpt,INT8,109,0.108,0.1172,57,1360,8,11,0.1404,0.0081
123,dedup,biogpt,NF4,109,0.108,0.1032,57,1360,20,11,0.3509,0.0081
123,dedup,pythia-1b,FP16,109,0.1293,0.1293,70,1347,0,0,0.0,0.0
123,dedup,pythia-1b,INT8,109,0.1293,0.1343,70,1347,9,12,0.1286,0.0089
123,dedup,pythia-1b,NF4,109,0.1293,0.1312,70,1347,32,20,0.4571,0.0148
123,dedup,biogpt-large,FP16,109,0.0997,0.0995,58,1359,0,0,0.0,0.0
123,dedup,biogpt-large,INT8,109,0.0997,0.0992,58,1359,18,11,0.3103,0.0081
123,dedup,biogpt-large,NF4,109,0.0997,0.0995,58,1359,21,21,0.3621,0.0155
777,full,distilgpt2,FP16,134,0.0089,0.009,175,1567,37,40,0.2114,0.0255
777,full,distilgpt2,INT8,134,0.0089,0.009,175,1567,92,115,0.5257,0.0734
777,full,distilgpt2,NF4,134,0.0089,0.0094,175,1567,120,147,0.6857,0.0938
777,full,gpt2,FP16,134,0.0086,0.0087,183,1559,33,34,0.1803,0.0218
777,full,gpt2,INT8,134,0.0086,0.0086,183,1559,98,101,0.5355,0.0648
777,full,gpt2,NF4,134,0.0086,0.01,183,1559,130,78,0.7104,0.05
777,full,gpt2-medium,FP16,134,0.0102,0.0107,107,1635,14,15,0.1308,0.0092
777,full,gpt2-medium,INT8,134,0.0102,0.0096,107,1635,56,67,0.5234,0.041
777,full,gpt2-medium,NF4,134,0.0102,0.0098,107,1635,65,98,0.6075,0.0599
777,full,biogpt,FP16,134,0.1523,0.153,59,1683,0,0,0.0,0.0
777,full,biogpt,INT8,134,0.1523,0.1525,59,1683,8,2,0.1356,0.0012
777,full,biogpt,NF4,134,0.1523,0.1607,59,1683,24,30,0.4068,0.0178
777,full,pythia-1b,FP16,134,0.1832,0.1832,58,1684,2,0,0.0345,0.0
777,full,pythia-1b,INT8,134,0.1832,0.1843,58,1684,10,13,0.1724,0.0077
777,full,pythia-1b,NF4,134,0.1832,0.1827,58,1684,25,18,0.431,0.0107
777,full,biogpt-large,FP16,134,0.1463,0.1465,61,1681,4,2,0.0656,0.0012
777,full,biogpt-large,INT8,134,0.1463,0.1523,61,1681,20,10,0.3279,0.0059
777,full,biogpt-large,NF4,134,0.1463,0.1506,61,1681,20,19,0.3279,0.0113
777,dedup,distilgpt2,FP16,109,0.0092,0.0092,153,1264,33,32,0.2157,0.0253
777,dedup,distilgpt2,INT8,109,0.0092,0.0089,153,1264,81,88,0.5294,0.0696
777,dedup,distilgpt2,NF4,109,0.0092,0.0082,153,1264,102,119,0.6667,0.0941
777,dedup,gpt2,FP16,109,0.0061,0.0061,159,1258,29,33,0.1824,0.0262
777,dedup,gpt2,INT8,109,0.0061,0.0061,159,1258,82,83,0.5157,0.066
777,dedup,gpt2,NF4,109,0.0061,0.0098,159,1258,112,70,0.7044,0.0556
777,dedup,gpt2-medium,FP16,109,0.0089,0.0094,93,1324,13,9,0.1398,0.0068
777,dedup,gpt2-medium,INT8,109,0.0089,0.0083,93,1324,46,59,0.4946,0.0446
777,dedup,gpt2-medium,NF4,109,0.0089,0.009,93,1324,52,90,0.5591,0.068
777,dedup,biogpt,FP16,109,0.1123,0.1129,59,1358,0,0,0.0,0.0
777,dedup,biogpt,INT8,109,0.1123,0.1125,59,1358,8,2,0.1356,0.0015
777,dedup,biogpt,NF4,109,0.1123,0.122,59,1358,24,30,0.4068,0.0221
777,dedup,pythia-1b,FP16,109,0.1461,0.1461,58,1359,2,0,0.0345,0.0
777,dedup,pythia-1b,INT8,109,0.1461,0.1477,58,1359,10,13,0.1724,0.0096
777,dedup,pythia-1b,NF4,109,0.1461,0.1459,58,1359,25,18,0.431,0.0132
777,dedup,biogpt-large,FP16,109,0.1048,0.1048,61,1356,4,2,0.0656,0.0015
777,dedup,biogpt-large,INT8,109,0.1048,0.1116,61,1356,20,10,0.3279,0.0074
777,dedup,biogpt-large,NF4,109,0.1048,0.1196,61,1356,20,19,0.3279,0.014
2024,full,distilgpt2,FP16,134,0.0071,0.0072,226,1516,41,39,0.1814,0.0257
2024,full,distilgpt2,INT8,134,0.0071,0.0071,226,1516,124,91,0.5487,0.06
2024,full,distilgpt2,NF4,134,0.0071,0.008,226,1516,156,107,0.6903,0.0706
2024,full,gpt2,FP16,134,0.0113,0.0103,173,1569,39,30,0.2254,0.0191
2024,full,gpt2,INT8,134,0.0113,0.0112,173,1569,86,96,0.4971,0.0612
2024,full,gpt2,NF4,134,0.0113,0.0102,173,1569,146,90,0.8439,0.0574
2024,full,gpt2-medium,FP16,134,0.0126,0.0125,127,1615,15,19,0.1181,0.0118
2024,full,gpt2-medium,INT8,134,0.0126,0.0112,127,1615,72,64,0.5669,0.0396
2024,full,gpt2-medium,NF4,134,0.0126,0.0097,127,1615,83,112,0.6535,0.0693
2024,full,biogpt,FP16,134,0.1532,0.1535,58,1684,3,0,0.0517,0.0
2024,full,biogpt,INT8,134,0.1532,0.154,58,1684,11,12,0.1897,0.0071
2024,full,biogpt,NF4,134,0.1532,0.1395,58,1684,22,22,0.3793,0.0131
2024,full,pythia-1b,FP16,134,0.1734,0.1734,62,1680,0,0,0.0,0.0
2024,full,pythia-1b,INT8,134,0.1734,0.1723,62,1680,8,3,0.129,0.0018
2024,full,pythia-1b,NF4,134,0.1734,0.1631,62,1680,21,21,0.3387,0.0125
2024,full,biogpt-large,FP16,134,0.153,0.1534,56,1686,0,0,0.0,0.0
2024,full,biogpt-large,INT8,134,0.153,0.1518,56,1686,13,5,0.2321,0.003
2024,full,biogpt-large,NF4,134,0.153,0.152,56,1686,18,15,0.3214,0.0089
2024,dedup,distilgpt2,FP16,109,0.0064,0.0064,187,1230,39,34,0.2086,0.0276
2024,dedup,distilgpt2,INT8,109,0.0064,0.0064,187,1230,94,72,0.5027,0.0585
2024,dedup,distilgpt2,NF4,109,0.0064,0.0074,187,1230,123,89,0.6578,0.0724
2024,dedup,gpt2,FP16,109,0.0103,0.0089,144,1273,31,26,0.2153,0.0204
2024,dedup,gpt2,INT8,109,0.0103,0.0095,144,1273,70,72,0.4861,0.0566
2024,dedup,gpt2,NF4,109,0.0103,0.01,144,1273,119,78,0.8264,0.0613
2024,dedup,gpt2-medium,FP16,109,0.011,0.0109,116,1301,15,15,0.1293,0.0115
2024,dedup,gpt2-medium,INT8,109,0.011,0.0092,116,1301,66,59,0.569,0.0453
2024,dedup,gpt2-medium,NF4,109,0.011,0.0094,116,1301,74,96,0.6379,0.0738
2024,dedup,biogpt,FP16,109,0.1176,0.1178,58,1359,3,0,0.0517,0.0
2024,dedup,biogpt,INT8,109,0.1176,0.1141,58,1359,11,12,0.1897,0.0088
2024,dedup,biogpt,NF4,109,0.1176,0.0973,58,1359,22,22,0.3793,0.0162
2024,dedup,pythia-1b,FP16,109,0.132,0.132,62,1355,0,0,0.0,0.0
2024,dedup,pythia-1b,INT8,109,0.132,0.1309,62,1355,8,3,0.129,0.0022
2024,dedup,pythia-1b,NF4,109,0.132,0.1207,62,1355,21,21,0.3387,0.0155
2024,dedup,biogpt-large,FP16,109,0.1103,0.1106,56,1361,0,0,0.0,0.0
2024,dedup,biogpt-large,INT8,109,0.1103,0.109,56,1361,13,5,0.2321,0.0037
2024,dedup,biogpt-large,NF4,109,0.1103,0.1101,56,1361,18,15,0.3214,0.011
31415,full,distilgpt2,FP16,134,0.0078,0.0077,186,1556,33,29,0.1774,0.0186
31415,full,distilgpt2,INT8,134,0.0078,0.0086,186,1556,84,103,0.4516,0.0662
31415,full,distilgpt2,NF4,134,0.0078,0.0079,186,1556,126,109,0.6774,0.0701
31415,full,gpt2,FP16,134,0.0104,0.0095,207,1535,37,43,0.1787,0.028
31415,full,gpt2,INT8,134,0.0104,0.0096,207,1535,117,118,0.5652,0.0769
31415,full,gpt2,NF4,134,0.0104,0.0087,207,1535,144,117,0.6957,0.0762
31415,full,gpt2-medium,FP16,134,0.0101,0.0101,152,1590,27,23,0.1776,0.0145
31415,full,gpt2-medium,INT8,134,0.0101,0.0118,152,1590,89,68,0.5855,0.0428
31415,full,gpt2-medium,NF4,134,0.0101,0.0091,152,1590,107,139,0.7039,0.0874
31415,full,biogpt,FP16,134,0.1613,0.1613,55,1687,0,0,0.0,0.0
31415,full,biogpt,INT8,134,0.1613,0.1651,55,1687,5,17,0.0909,0.0101
31415,full,biogpt,NF4,134,0.1613,0.1443,55,1687,18,20,0.3273,0.0119
31415,full,pythia-1b,FP16,134,0.1848,0.1855,49,1693,1,4,0.0204,0.0024
31415,full,pythia-1b,INT8,134,0.1848,0.1789,49,1693,1,6,0.0204,0.0035
31415,full,pythia-1b,NF4,134,0.1848,0.1822,49,1693,23,26,0.4694,0.0154
31415,full,biogpt-large,FP16,134,0.1406,0.1398,59,1683,1,0,0.0169,0.0
31415,full,biogpt-large,INT8,134,0.1406,0.1404,59,1683,8,12,0.1356,0.0071
31415,full,biogpt-large,NF4,134,0.1406,0.1463,59,1683,17,18,0.2881,0.0107
31415,dedup,distilgpt2,FP16,109,0.0076,0.0074,161,1256,32,24,0.1988,0.0191
31415,dedup,distilgpt2,INT8,109,0.0076,0.0086,161,1256,68,84,0.4224,0.0669
31415,dedup,distilgpt2,NF4,109,0.0076,0.0073,161,1256,106,89,0.6584,0.0709
31415,dedup,gpt2,FP16,109,0.0084,0.0063,173,1244,32,35,0.185,0.0281
31415,dedup,gpt2,INT8,109,0.0084,0.0064,173,1244,90,100,0.5202,0.0804
31415,dedup,gpt2,NF4,109,0.0084,0.0091,173,1244,116,99,0.6705,0.0796
31415,dedup,gpt2-medium,FP16,109,0.0077,0.0077,138,1279,22,20,0.1594,0.0156
31415,dedup,gpt2-medium,INT8,109,0.0077,0.0102,138,1279,82,58,0.5942,0.0453
31415,dedup,gpt2-medium,NF4,109,0.0077,0.0088,138,1279,93,105,0.6739,0.0821
31415,dedup,biogpt,FP16,109,0.1245,0.1245,55,1362,0,0,0.0,0.0
31415,dedup,biogpt,INT8,109,0.1245,0.1316,55,1362,5,17,0.0909,0.0125
31415,dedup,biogpt,NF4,109,0.1245,0.1099,55,1362,18,20,0.3273,0.0147
31415,dedup,pythia-1b,FP16,109,0.145,0.1458,49,1368,1,4,0.0204,0.0029
31415,dedup,pythia-1b,INT8,109,0.145,0.1393,49,1368,1,6,0.0204,0.0044
31415,dedup,pythia-1b,NF4,109,0.145,0.143,49,1368,23,26,0.4694,0.019
31415,dedup,biogpt-large,FP16,109,0.1022,0.1013,59,1358,1,0,0.0169,0.0
31415,dedup,biogpt-large,INT8,109,0.1022,0.1057,59,1358,8,12,0.1356,0.0088
31415,dedup,biogpt-large,NF4,109,0.1022,0.1149,59,1358,17,18,0.2881,0.0133
