uid,partition
CXR1007,train
CXR1015,train
CXR1022,train
CXR1032,train
CXR1034,train
CXR1036,train
CXR1050,train
CXR1055,train
CXR1059,train
CXR1070,train
CXR1072,train
CXR1078,train
CXR1087,train
CXR1091,train
CXR1099,train
CXR110,train
CXR1100,train
CXR1108,train
CXR1117,train
CXR1122,train
CXR1131,train
CXR1146,train
CXR1154,train
CXR1155,train
CXR1205,train
CXR1207,train
CXR1211,train
CXR1213,train
CXR1220,train
CXR1222,train
CXR1236,train
CXR1244,train
CXR1261,train
CXR1267,train
CXR1269,train
CXR127,train
CXR1270,train
CXR1276,train
CXR1300,train
CXR1303,train
CXR1305,train
CXR1324,train
CXR133,train
CXR1335,train
CXR1347,train
CXR1355,train
CXR1374,train
CXR1378,train
CXR138,train
CXR139,train
CXR1391,train
CXR1393,train
CXR14,train
CXR1400,train
CXR1410,train
CXR1413,train
CXR1432,train
CXR1440,train
CXR1442,train
CXR1444,train
CXR1448,train
CXR1456,train
CXR1458,train
CXR1461,train
CXR1483,train
CXR1485,train
CXR1487,train
CXR1489,train
CXR1529,train
CXR1533,train
CXR1555,train
CXR1560,train
CXR1563,train
CXR1567,train
CXR1578,train
CXR1580,train
CXR1584,train
CXR1586,train
CXR1588,train
CXR1591,train
CXR1623,train
CXR1626,train
CXR1638,train
CXR1639,train
CXR1641,train
CXR1643,train
CXR1655,train
CXR1667,train
CXR1669,train
CXR1678,train
CXR1681,train
CXR1691,train
CXR17,train
CXR1717,train
CXR172,train
CXR1730,train
CXR1734,train
CXR1736,train
CXR1738,train
CXR1745,train
CXR1751,train
CXR176,train
CXR1769,train
CXR1781,train
CXR1788,train
CXR1800,train
CXR1804,train
CXR181,train
CXR1813,train
CXR1815,train
CXR1820,train
CXR1829,train
CXR1832,train
CXR1844,train
CXR1848,train
CXR1856,train
CXR1861,train
CXR1863,train
CXR1865,train
CXR1892,train
CXR1896,train
CXR1898,train
CXR1901,train
CXR1912,train
CXR1926,train
CXR1928,train
CXR193,train
CXR1931,train
CXR1943,train
CXR1951,train
CXR1953,train
CXR1960,train
CXR1966,train
CXR198,train
CXR1994,train
CXR2003,train
CXR2022,train
CXR2031,train
CXR2046,train
CXR2047,train
CXR2053,train
CXR2075,train
CXR2082,train
CXR2097,train
CXR2099,train
CXR2100,train
CXR2109,train
CXR2113,train
CXR2116,train
CXR2120,train
CXR2124,train
CXR2146,train
CXR2169,train
CXR2181,train
CXR2197,train
CXR2200,train
CXR2201,train
CXR2204,train
CXR221,train
CXR2213,train
CXR2215,train
CXR2227,train
CXR2230,train
CXR226,train
CXR2261,train
CXR227,train
CXR2271,train
CXR2275,train
CXR2285,train
CXR2296,train
CXR2313,train
CXR2314,train
CXR2326,train
CXR233,train
CXR2338,train
CXR2348,train
CXR235,train
CXR2351,train
CXR236,train
CXR2363,train
CXR2373,train
CXR2375,train
CXR2390,train
CXR2396,train
CXR2401,train
CXR2407,train
CXR241,train
CXR2428,train
CXR2437,train
CXR2443,train
CXR2454,train
CXR2457,train
CXR246,train
CXR2469,train
CXR2475,train
CXR248,train
CXR2483,train
CXR2499,train
CXR252,train
CXR2524,train
CXR2541,train
CXR2545,train
CXR2549,train
CXR256,train
CXR2560,train
CXR2608,train
CXR2614,train
CXR2628,train
CXR2638,train
CXR2651,train
CXR2653,train
CXR2672,train
CXR268,train
CXR2684,train
CXR2686,train
CXR2688,train
CXR269,train
CXR2698,train
CXR2706,train
CXR2716,train
CXR2721,train
CXR2727,train
CXR274,train
CXR2760,train
CXR2762,train
CXR2781,train
CXR2783,train
CXR2787,train
CXR2797,train
CXR2799,train
CXR2813,train
CXR2817,train
CXR284,train
CXR2840,train
CXR2841,train
CXR2857,train
CXR2859,train
CXR2862,train
CXR2877,train
CXR2882,train
CXR2886,train
CXR2894,train
CXR2898,train
CXR2920,train
CXR2940,train
CXR2942,train
CXR2954,train
CXR2961,train
CXR2976,train
CXR2989,train
CXR299,train
CXR2999,train
CXR3002,train
CXR3004,train
CXR3011,train
CXR3017,train
CXR3019,train
CXR3025,train
CXR3033,train
CXR3037,train
CXR3046,train
CXR3049,train
CXR305,train
CXR3073,train
CXR3085,train
CXR3087,train
CXR3098,train
CXR310,train
CXR3109,train
CXR3110,train
CXR3138,train
CXR3141,train
CXR3143,train
CXR3157,train
CXR3166,train
CXR3171,train
CXR3191,train
CXR3204,train
CXR3208,train
CXR3217,train
CXR3229,train
CXR3232,train
CXR325,train
CXR3261,train
CXR3263,train
CXR3267,train
CXR3280,train
CXR3282,train
CXR3292,train
CXR3305,train
CXR3310,train
CXR3313,train
CXR332,train
CXR3322,train
CXR3349,train
CXR340,train
CXR3402,train
CXR3404,train
CXR3411,train
CXR3416,train
CXR342,train
CXR3426,train
CXR3438,train
CXR3455,train
CXR3467,train
CXR3472,train
CXR3474,train
CXR349,train
CXR3514,train
CXR3515,train
CXR3518,train
CXR3528,train
CXR3531,train
CXR3545,train
CXR3549,train
CXR3581,train
CXR3583,train
CXR3610,train
CXR3612,train
CXR3621,train
CXR3623,train
CXR3627,train
CXR363,train
CXR3637,train
CXR3647,train
CXR3649,train
CXR3659,train
CXR366,train
CXR367,train
CXR3672,train
CXR3683,train
CXR3702,train
CXR3708,train
CXR3709,train
CXR3716,train
CXR3720,train
CXR3726,train
CXR3728,train
CXR3737,train
CXR3746,train
CXR3749,train
CXR3760,train
CXR3762,train
CXR3764,train
CXR377,train
CXR3781,train
CXR3785,train
CXR38,train
CXR3808,train
CXR3814,train
CXR3818,train
CXR3831,train
CXR3832,train
CXR3833,train
CXR3835,train
CXR3837,train
CXR3843,train
CXR3849,train
CXR3860,train
CXR3866,train
CXR3876,train
CXR3881,train
CXR3887,train
CXR3912,train
CXR3915,train
CXR3917,train
CXR3945,train
CXR3947,train
CXR3959,train
CXR3966,train
CXR3972,train
CXR3974,train
CXR3993,train
CXR3997,train
CXR40,train
CXR404,train
CXR408,train
CXR41,train
CXR415,train
CXR416,train
CXR426,train
CXR428,train
CXR44,train
CXR460,train
CXR461,train
CXR463,train
CXR474,train
CXR476,train
CXR48,train
CXR494,train
CXR5,train
CXR50,train
CXR502,train
CXR504,train
CXR51,train
CXR538,train
CXR54,train
CXR547,train
CXR549,train
CXR551,train
CXR553,train
CXR555,train
CXR557,train
CXR573,train
CXR578,train
CXR582,train
CXR6,train
CXR608,train
CXR612,train
CXR631,train
CXR639,train
CXR64,train
CXR640,train
CXR654,train
CXR657,train
CXR66,train
CXR662,train
CXR670,train
CXR681,train
CXR699,train
CXR704,train
CXR717,train
CXR721,train
CXR723,train
CXR725,train
CXR729,train
CXR748,train
CXR75,train
CXR756,train
CXR764,train
CXR783,train
CXR79,train
CXR790,train
CXR791,train
CXR797,train
CXR799,train
CXR800,train
CXR809,train
CXR813,train
CXR819,train
CXR820,train
CXR846,train
CXR85,train
CXR856,train
CXR879,train
CXR903,train
CXR91,train
CXR910,train
CXR938,train
CXR941,train
CXR942,train
CXR944,train
CXR946,train
CXR96,train
CXR962,train
CXR967,train
CXR969,train
CXR97,train
CXR975,train
CXR977,train
CXR979,train
CXR980,train
CXR982,train
CXR989,train
CXR993,train
CXR1024,val
CXR1057,val
CXR1076,val
CXR1322,val
CXR1376,val
CXR1415,val
CXR1419,val
CXR151,val
CXR1719,val
CXR1757,val
CXR177,val
CXR1796,val
CXR1827,val
CXR1867,val
CXR1959,val
CXR1965,val
CXR1970,val
CXR2020,val
CXR207,val
CXR2138,val
CXR2214,val
CXR2232,val
CXR2277,val
CXR2301,val
CXR2504,val
CXR251,val
CXR2528,val
CXR2531,val
CXR2576,val
CXR2616,val
CXR2659,val
CXR2710,val
CXR2775,val
CXR282,val
CXR2838,val
CXR2867,val
CXR2884,val
CXR2892,val
CXR2904,val
CXR3006,val
CXR3117,val
CXR3230,val
CXR3265,val
CXR3289,val
CXR3303,val
CXR3327,val
CXR3385,val
CXR3387,val
CXR3399,val
CXR344,val
CXR3445,val
CXR3578,val
CXR3625,val
CXR3673,val
CXR3768,val
CXR3931,val
CXR437,val
CXR459,val
CXR472,val
CXR576,val
CXR633,val
CXR637,val
CXR720,val
CXR793,val
CXR795,val
CXR810,val
CXR847,val
CXR995,val
CXR1009,test
CXR1028,test
CXR1060,test
CXR1144,test
CXR1152,test
CXR1173,test
CXR1187,test
CXR1189,test
CXR1217,test
CXR1265,test
CXR1291,test
CXR1302,test
CXR1320,test
CXR1359,test
CXR1383,test
CXR1457,test
CXR1464,test
CXR1478,test
CXR1520,test
CXR1527,test
CXR1551,test
CXR1569,test
CXR1570,test
CXR165,test
CXR1670,test
CXR1802,test
CXR1811,test
CXR1830,test
CXR1857,test
CXR187,test
CXR1877,test
CXR1880,test
CXR1882,test
CXR2084,test
CXR2289,test
CXR2312,test
CXR2315,test
CXR2328,test
CXR2336,test
CXR2365,test
CXR2371,test
CXR2386,test
CXR2426,test
CXR2438,test
CXR2441,test
CXR2451,test
CXR2485,test
CXR2487,test
CXR2509,test
CXR2559,test
CXR2564,test
CXR2570,test
CXR2612,test
CXR2655,test
CXR2667,test
CXR2718,test
CXR2739,test
CXR2752,test
CXR28,test
CXR280,test
CXR2815,test
CXR2845,test
CXR2847,test
CXR2880,test
CXR2946,test
CXR302,test
CXR3047,test
CXR3052,test
CXR3081,test
CXR3119,test
CXR3120,test
CXR3122,test
CXR3124,test
CXR3234,test
CXR3279,test
CXR3294,test
CXR330,test
CXR3329,test
CXR3352,test
CXR3356,test
CXR3382,test
CXR3389,test
CXR3424,test
CXR3459,test
CXR3469,test
CXR3470,test
CXR3491,test
CXR3493,test
CXR351,test
CXR3521,test
CXR3537,test
CXR3564,test
CXR3566,test
CXR3589,test
CXR3611,test
CXR3759,test
CXR3765,test
CXR3806,test
CXR3812,test
CXR383,test
CXR3847,test
CXR386,test
CXR3872,test
CXR3877,test
CXR3899,test
CXR391,test
CXR3937,test
CXR3970,test
CXR3976,test
CXR3991,test
CXR4,test
CXR418,test
CXR455,test
CXR470,test
CXR506,test
CXR508,test
CXR534,test
CXR544,test
CXR580,test
CXR596,test
CXR623,test
CXR650,test
CXR660,test
CXR695,test
CXR72,test
CXR792,test
CXR817,test
CXR82,test
CXR850,test
CXR854,test
CXR875,test
CXR934,test
CXR964,test
CXR98,test
