model,config,FNF_positive,FNF_negative,FNF_delta_pp,FPF_positive,FPF_negative,FPF_delta_pp,fp32_present_positive,fp32_present_negative,b_positive,c_positive,b_negative,c_negative,CE_micro_F1_positive,CE_micro_F1_negative,CE_micro_F1_FP32_positive,CE_micro_F1_FP32_negative
distilgpt2,FP16,0.2228,0.1839,-3.89,0.0398,0.0151,-2.47,184,87,41,62,16,25,0.0613,0.0571,0.0583,0.0153
distilgpt2,INT8-BnB,0.538,0.4483,-8.97,0.0494,0.026,-2.34,184,87,99,77,39,43,0.055,0.0296,0.0583,0.0153
distilgpt2,NF4-BnB,0.6957,0.6437,-5.2,0.0648,0.0242,-4.06,184,87,128,101,56,40,0.0469,0.0348,0.0583,0.0153
gpt2,FP16,0.2743,0.2029,-7.14,0.0357,0.0108,-2.49,175,69,48,56,14,18,0.1339,0.0855,0.0693,0.0531
gpt2,INT8-BnB,0.4457,0.3913,-5.44,0.0606,0.0287,-3.19,175,69,78,95,27,48,0.0645,0.0448,0.0693,0.0531
gpt2,NF4-BnB,0.8457,0.8551,0.94,0.0517,0.0227,-2.9,175,69,148,81,59,38,0.0732,0.0435,0.0693,0.0531
gpt2-medium,FP16,0.2344,0.2564,2.2,0.0074,0.0048,-0.26,128,78,30,12,20,8,0.1446,0.0727,0.1522,0.0492
gpt2-medium,INT8-BnB,0.625,0.5385,-8.65,0.0434,0.0234,-2.0,128,78,80,70,42,39,0.1034,0.0672,0.1522,0.0492
gpt2-medium,NF4-BnB,0.7031,0.6923,-1.08,0.0669,0.0433,-2.36,128,78,90,108,54,72,0.0792,0.0857,0.1522,0.0492
biogpt,FP16,0.0,0.0,0.0,0.0,0.0,0.0,57,45,0,0,0,0,0.3009,0.2921,0.3009,0.2921
biogpt,INT8-BnB,0.1404,0.2,5.96,0.0065,0.0041,-0.24,57,45,8,11,9,7,0.2759,0.2759,0.3009,0.2921
biogpt,NF4-BnB,0.3509,0.3556,0.47,0.0065,0.0077,0.12,57,45,20,11,16,13,0.3269,0.2558,0.3009,0.2921
pythia-1b,FP16,0.0,0.0,0.0,0.0,0.0,0.0,70,47,0,0,0,0,0.3175,0.3297,0.3175,0.3297
pythia-1b,INT8-BnB,0.1286,0.0638,-6.48,0.0072,0.0083,0.11,70,47,9,12,3,14,0.3256,0.3333,0.3175,0.3297
pythia-1b,NF4-BnB,0.4571,0.4043,-5.28,0.012,0.0088,-0.32,70,47,32,20,19,15,0.3158,0.2529,0.3175,0.3297
biogpt-large,FP16,0.0,0.0,0.0,0.0,0.0,0.0,58,31,0,0,0,0,0.2982,0.2933,0.2982,0.2933
biogpt-large,INT8-BnB,0.3103,0.2258,-8.45,0.0065,0.0047,-0.18,58,31,18,11,7,8,0.2991,0.2368,0.2982,0.2933
biogpt-large,NF4-BnB,0.3621,0.3548,-0.73,0.0125,0.0094,-0.31,58,31,21,21,11,16,0.3509,0.3,0.2982,0.2933
