config,model,n_seeds,CFPR_max,CFPR_mean,CFPR_min,CFPR_n_defined,CFPR_sd,FNF_rate_max,FNF_rate_mean,FNF_rate_min,FNF_rate_n_defined,FNF_rate_sd,FPF_rate_max,FPF_rate_mean,FPF_rate_min,FPF_rate_n_defined,FPF_rate_sd,bleu_4_max,bleu_4_mean,bleu_4_min,bleu_4_n_defined,bleu_4_sd,ce_micro_f1_max,ce_micro_f1_mean,ce_micro_f1_min,ce_micro_f1_n_defined,ce_micro_f1_sd
FP32,distilgpt2,5,,,,,,,,,,,,,,,,0.0089,0.0078,0.0071,5,0.0008,0.0661,0.0614,0.0581,5,0.0035
FP16,distilgpt2,5,0.9644,0.952,0.9409,5,0.0093,0.2324,0.2051,0.1774,5,0.0246,0.0398,0.0287,0.0186,5,0.0083,0.0092,0.0083,0.0072,5,0.0008,0.0714,0.063,0.0513,5,0.0076
INT8-BnB,distilgpt2,5,0.899,0.8889,0.8766,5,0.0095,0.573,0.5274,0.4516,5,0.0458,0.0734,0.0597,0.0494,5,0.0105,0.009,0.0082,0.0071,5,0.0009,0.0643,0.0523,0.0394,5,0.0097
NF4-BnB,distilgpt2,5,0.8685,0.8593,0.8467,5,0.0106,0.6957,0.6709,0.6054,5,0.0372,0.0938,0.0751,0.0648,5,0.0112,0.0103,0.0089,0.0079,5,0.001,0.0806,0.0573,0.0469,5,0.0133
FP32,gpt2,5,,,,,,,,,,,,,,,,0.0119,0.0102,0.0086,5,0.0015,0.1255,0.0924,0.0693,5,0.0209
FP16,gpt2,5,0.9615,0.9541,0.9403,5,0.0084,0.2743,0.2181,0.1787,5,0.04,0.0357,0.0254,0.0191,5,0.0066,0.0121,0.0099,0.0087,5,0.0014,0.1339,0.0977,0.0727,5,0.0242
INT8-BnB,gpt2,5,0.9007,0.8858,0.8651,5,0.0138,0.6082,0.5303,0.4457,5,0.0624,0.0769,0.0641,0.0568,5,0.0077,0.0116,0.01,0.0086,5,0.0013,0.0921,0.0757,0.0636,5,0.0121
NF4-BnB,gpt2,5,0.8806,0.8645,0.8502,5,0.0113,0.8457,0.7779,0.6957,5,0.0716,0.0762,0.0589,0.05,5,0.0104,0.0102,0.0087,0.0062,5,0.0016,0.1497,0.0835,0.0462,5,0.0396
FP32,gpt2-medium,5,,,,,,,,,,,,,,,,0.0126,0.0111,0.0101,5,0.0011,0.1522,0.1334,0.1235,5,0.0115
FP16,gpt2-medium,5,0.9834,0.9774,0.9713,5,0.0047,0.2344,0.1718,0.1181,5,0.048,0.0145,0.0111,0.0074,5,0.0028,0.0125,0.0112,0.0101,5,0.001,0.1446,0.1311,0.122,5,0.0096
INT8-BnB,gpt2-medium,5,0.93,0.921,0.9099,5,0.009,0.625,0.5734,0.5234,5,0.0368,0.0434,0.0409,0.0379,5,0.0023,0.0125,0.011,0.0096,5,0.0013,0.1264,0.1099,0.0963,5,0.015
NF4-BnB,gpt2-medium,5,0.9064,0.886,0.8588,5,0.0172,0.7264,0.6789,0.6075,5,0.048,0.0874,0.0706,0.0599,5,0.0102,0.0105,0.0099,0.0091,5,0.0005,0.1429,0.0978,0.0704,5,0.0299
FP32,biogpt,5,,,,,,,,,,,,,,,,0.1788,0.1593,0.1509,5,0.0116,0.3833,0.2888,0.2105,5,0.0632
FP16,biogpt,5,1.0,0.9997,0.9983,5,0.0008,0.0517,0.0103,0.0,5,0.0231,0.0,0.0,0.0,5,0.0,0.1824,0.1602,0.1509,5,0.013,0.3833,0.2899,0.2162,5,0.0615
INT8-BnB,biogpt,5,0.9943,0.9897,0.9868,5,0.003,0.1897,0.1457,0.0909,5,0.0379,0.0101,0.0056,0.0012,5,0.0035,0.1786,0.1618,0.1525,5,0.0106,0.3509,0.3009,0.2609,5,0.0419
NF4-BnB,biogpt,5,0.9822,0.9755,0.969,5,0.005,0.5156,0.396,0.3273,5,0.0732,0.0178,0.0114,0.0065,5,0.0045,0.1853,0.1553,0.1395,5,0.0185,0.3363,0.3057,0.2645,5,0.0313
FP32,pythia-1b,5,,,,,,,,,,,,,,,,0.1848,0.1776,0.1689,5,0.0066,0.3175,0.2874,0.2456,5,0.0274
FP16,pythia-1b,5,1.0,0.9992,0.9971,5,0.0013,0.0345,0.011,0.0,5,0.0158,0.0024,0.0005,0.0,5,0.0011,0.1855,0.1776,0.1689,5,0.0068,0.3333,0.294,0.25,5,0.0325
INT8-BnB,pythia-1b,5,0.996,0.9908,0.9868,5,0.0039,0.1724,0.1208,0.0204,5,0.0591,0.0077,0.005,0.0018,5,0.0025,0.1843,0.1754,0.1676,5,0.0064,0.3273,0.2784,0.2393,5,0.0441
NF4-BnB,pythia-1b,5,0.9759,0.9734,0.9701,5,0.0024,0.4694,0.4254,0.3387,5,0.0513,0.0154,0.0123,0.0107,5,0.0019,0.1831,0.1764,0.1631,5,0.009,0.3423,0.3154,0.2991,5,0.0166
FP32,biogpt-large,5,,,,,,,,,,,,,,,,0.1591,0.1471,0.1364,5,0.0092,0.3932,0.3397,0.2857,5,0.0483
FP16,biogpt-large,5,1.0,0.9989,0.9966,5,0.0014,0.0656,0.0262,0.0,5,0.0296,0.0012,0.0002,0.0,5,0.0005,0.159,0.147,0.1362,5,0.0094,0.3684,0.3331,0.2857,5,0.0386
INT8-BnB,biogpt-large,5,0.9914,0.9872,0.9828,5,0.0039,0.3279,0.227,0.129,5,0.0937,0.0071,0.0053,0.003,5,0.0017,0.1523,0.1455,0.1368,5,0.0069,0.3761,0.3459,0.2991,5,0.0284
NF4-BnB,biogpt-large,5,0.9811,0.9778,0.9747,5,0.0027,0.3621,0.3309,0.2881,5,0.0295,0.0131,0.0113,0.0089,5,0.0016,0.1553,0.1489,0.1405,5,0.0057,0.4746,0.3792,0.3119,5,0.0613
