model,config,FNF_rate,FPF_rate,CFPR,CFFR,ce_micro_f1,ce_macro_f1,bleu_1,bleu_4,rouge_1,rouge_2,rouge_l
distilgpt2,FP32,,,,,0.1481,0.0879,0.2113,0.047,0.3432,0.2093,0.2872
distilgpt2,FP16,0.0962,0.0041,0.9931,0.0069,0.1273,0.0775,0.206,0.0469,0.333,0.2093,0.2841
distilgpt2,INT8-BnB,0.4231,0.013,0.9747,0.0253,0.0926,0.0474,0.211,0.0462,0.3469,0.2126,0.2859
distilgpt2,NF4-BnB,0.6731,0.0402,0.9409,0.0591,0.1135,0.0613,0.1606,0.0303,0.3491,0.2142,0.2386
gpt2,FP32,,,,,0.1053,0.0465,0.2061,0.0582,0.3958,0.244,0.3203
gpt2,FP16,0.1429,0.0042,0.9897,0.0103,0.093,0.0408,0.2052,0.0601,0.3948,0.2489,0.3246
gpt2,INT8-BnB,0.6104,0.018,0.9558,0.0442,0.0517,0.0192,0.2023,0.056,0.393,0.2325,0.3121
gpt2,NF4-BnB,0.7143,0.0258,0.9437,0.0563,0.1157,0.0619,0.2306,0.0713,0.4274,0.2905,0.3244
gpt2-medium,FP32,,,,,0.1296,0.0726,0.2189,0.0648,0.3994,0.2655,0.3095
gpt2-medium,FP16,0.0385,0.0012,0.9977,0.0023,0.1481,0.0782,0.2237,0.0657,0.4033,0.2655,0.3109
gpt2-medium,INT8-BnB,0.5192,0.0189,0.9661,0.0339,0.1416,0.0611,0.2231,0.0658,0.4021,0.2543,0.3155
gpt2-medium,NF4-BnB,0.6346,0.032,0.9501,0.0499,0.155,0.0941,0.2165,0.0569,0.4246,0.2592,0.2999
biogpt,FP32,,,,,0.3448,0.2279,0.3869,0.1931,0.5763,0.4572,0.514
biogpt,FP16,0.0,0.0,1.0,0.0,0.3448,0.2279,0.3869,0.1931,0.5763,0.4572,0.514
biogpt,INT8-BnB,0.0333,0.0,0.9989,0.0011,0.3509,0.2305,0.3812,0.1887,0.5782,0.4518,0.5193
biogpt,NF4-BnB,0.3333,0.0048,0.9839,0.0161,0.3269,0.191,0.3552,0.1733,0.5551,0.4322,0.4948
pythia-1b,FP32,,,,,0.2609,0.1773,0.3649,0.1882,0.5744,0.4753,0.5207
pythia-1b,FP16,0.0,0.0,1.0,0.0,0.2609,0.1773,0.3649,0.1882,0.5744,0.4753,0.5207
pythia-1b,INT8-BnB,0.0339,0.003,0.996,0.004,0.2712,0.1708,0.3674,0.1894,0.5764,0.4767,0.5216
pythia-1b,NF4-BnB,0.2881,0.0095,0.9811,0.0189,0.2807,0.1837,0.3624,0.1867,0.5681,0.4669,0.5238
biogpt-large,FP32,,,,,0.4,0.2791,0.3645,0.1689,0.5671,0.4554,0.5118
biogpt-large,FP16,0.0,0.0,1.0,0.0,0.4,0.2791,0.3702,0.1765,0.5751,0.464,0.5165
biogpt-large,INT8-BnB,0.2037,0.0047,0.9891,0.0109,0.3551,0.2288,0.3695,0.1774,0.5682,0.4624,0.5106
biogpt-large,NF4-BnB,0.3889,0.0089,0.9793,0.0207,0.3846,0.2536,0.3575,0.1738,0.5677,0.4603,0.5039
