model,config,ce_micro_f1_cxrquant,ce_micro_f1_chexbert,ce_micro_f1_chexpert,ce_macro_f1_cxrquant,ce_macro_f1_chexbert,ce_macro_f1_chexpert,CFPR_cxrquant,CFPR_chexbert,CFPR_chexpert,FNF_rate_cxrquant,FNF_rate_chexbert,FNF_rate_chexpert,FPF_rate_cxrquant,FPF_rate_chexbert,FPF_rate_chexpert,b_cxrquant,b_chexbert,b_chexpert,c_cxrquant,c_chexbert,c_chexpert,fp32_present_cxrquant,fp32_present_chexbert,fp32_present_chexpert
distilgpt2,FP32,0.0581,0.0824,0.0625,0.0365,0.036,0.0274,,,,,,,,,,,,,,,,,,
distilgpt2,FP16,0.0637,0.09,0.0723,0.0376,0.0402,0.0322,0.9449,0.938,0.9231,0.2324,0.2077,0.2328,0.034,0.0423,0.0493,43,43,61,53,65,73,185,207,262
distilgpt2,INT8-BnB,0.0566,0.0556,0.0408,0.0392,0.0268,0.0194,0.8949,0.8835,0.8691,0.573,0.5266,0.4847,0.0495,0.0612,0.0682,106,109,127,77,94,101,185,207,262
distilgpt2,NF4-BnB,0.0806,0.1115,0.1,0.0486,0.0491,0.0431,0.8674,0.8404,0.8106,0.6054,0.5797,0.5534,0.0764,0.1029,0.125,112,120,145,119,158,185,185,207,262
gpt2,FP32,0.096,0.1172,0.1166,0.0602,0.0816,0.0759,,,,,,,,,,,,,,,,,,
gpt2,FP16,0.1083,0.1008,0.1133,0.068,0.0532,0.062,0.9541,0.942,0.938,0.232,0.2723,0.25,0.0226,0.0281,0.0278,45,58,67,35,43,41,194,213,268
gpt2,INT8-BnB,0.0636,0.0661,0.0599,0.0394,0.0509,0.0263,0.8817,0.8685,0.8548,0.6082,0.6103,0.5821,0.0568,0.0647,0.0658,118,130,156,88,99,97,194,213,268
gpt2,NF4-BnB,0.0638,0.0992,0.0857,0.0356,0.0501,0.0528,0.8588,0.8433,0.8048,0.7938,0.7136,0.7201,0.0594,0.0791,0.0997,154,152,193,92,121,147,194,213,268
gpt2-medium,FP32,0.1235,0.1453,0.117,0.0896,0.0926,0.0719,,,,,,,,,,,,,,,,,,
gpt2-medium,FP16,0.1235,0.1503,0.1215,0.0927,0.1081,0.0748,0.9759,0.9724,0.9742,0.1981,0.2269,0.2,0.0128,0.0129,0.0118,21,27,26,21,21,19,106,119,130
gpt2-medium,INT8-BnB,0.0976,0.1243,0.1176,0.0633,0.0832,0.0694,0.93,0.9231,0.9156,0.566,0.5714,0.5692,0.0379,0.0407,0.0453,60,68,74,62,66,73,106,119,130
gpt2-medium,NF4-BnB,0.0704,0.1089,0.0881,0.0494,0.0697,0.0504,0.8904,0.8846,0.8628,0.7264,0.7479,0.7692,0.0697,0.069,0.0862,77,89,100,114,112,139,106,119,130
biogpt,FP32,0.3833,0.4132,0.4615,0.2331,0.3124,0.3051,,,,,,,,,,,,,,,,,,
biogpt,FP16,0.3833,0.4132,0.4615,0.2331,0.3124,0.3051,1.0,1.0,1.0,0.0,0.0,0.0,0.0,0.0,0.0,0,0,0,0,0,0,64,61,59
biogpt,INT8-BnB,0.3509,0.3667,0.4034,0.1924,0.237,0.2394,0.9908,0.9914,0.9908,0.1719,0.1311,0.1186,0.003,0.0042,0.0053,11,8,7,5,7,9,64,61,59
biogpt,NF4-BnB,0.32,0.4118,0.42,0.1886,0.2762,0.2381,0.9736,0.973,0.973,0.5156,0.541,0.5424,0.0077,0.0083,0.0089,33,33,32,13,14,15,64,61,59
pythia-1b,FP32,0.281,0.32,0.3577,0.1755,0.1728,0.178,,,,,,,,,,,,,,,,,,
pythia-1b,FP16,0.281,0.32,0.3577,0.1755,0.1728,0.178,1.0,1.0,1.0,0.0,0.0,0.0,0.0,0.0,0.0,0,0,0,0,0,0,65,65,65
pythia-1b,INT8-BnB,0.2521,0.2857,0.3167,0.1399,0.137,0.1409,0.9897,0.9897,0.9902,0.1538,0.1846,0.1538,0.0048,0.0036,0.0042,10,12,10,8,6,7,65,65,65
pythia-1b,NF4-BnB,0.3423,0.3509,0.3684,0.1685,0.1538,0.1533,0.9736,0.9765,0.9765,0.4308,0.4,0.3846,0.0107,0.0089,0.0095,28,26,25,18,15,16,65,65,65
biogpt-large,FP32,0.339,0.4103,0.431,0.2099,0.2417,0.2155,,,,,,,,,,,,,,,,,,
biogpt-large,FP16,0.3478,0.4035,0.4211,0.2153,0.2347,0.2085,0.9983,0.9983,0.9989,0.0484,0.0526,0.0345,0.0,0.0,0.0,3,3,2,0,0,0,62,57,58
biogpt-large,INT8-BnB,0.3761,0.4174,0.4483,0.2473,0.2366,0.243,0.9914,0.9931,0.9931,0.129,0.1228,0.1034,0.0042,0.003,0.0036,8,7,6,7,5,6,62,57,58
biogpt-large,NF4-BnB,0.4746,0.5172,0.5357,0.3339,0.3292,0.2926,0.9747,0.9776,0.9793,0.3548,0.3509,0.3448,0.0131,0.0113,0.0095,22,20,20,22,19,16,62,57,58
