model,config,metric,point,ci95_low,ci95_high,undefined_resamples,n_reports
distilgpt2,FP16,FNF_rate,0.23243243243243245,0.1631578947368421,0.3041293142088749,0,134
distilgpt2,FP16,FPF_rate,0.0340398201669878,0.02377815718523847,0.04504577017455317,0,134
distilgpt2,FP16,CFPR,0.9448909299655568,0.9299655568312285,0.9581084959816302,0,134
distilgpt2,FP16,CFFR,0.05510907003444321,0.04189150401836983,0.0700344431687715,0,134
distilgpt2,INT8-BnB,FNF_rate,0.572972972972973,0.49245021900948593,0.6473443913881209,0,134
distilgpt2,INT8-BnB,FPF_rate,0.04945407835581246,0.03778256111989468,0.06254365439327092,0,134
distilgpt2,INT8-BnB,CFPR,0.8949483352468427,0.8765786452353617,0.91103616532721,0,134
distilgpt2,INT8-BnB,CFFR,0.1050516647531573,0.08896383467279001,0.12342135476463834,0,134
distilgpt2,NF4-BnB,FNF_rate,0.6054054054054054,0.5287338018888645,0.6800103092783505,0,134
distilgpt2,NF4-BnB,FPF_rate,0.07642903018625562,0.06449500507644308,0.08857509627727857,0,134
distilgpt2,NF4-BnB,CFPR,0.8673938002296211,0.8507462686567164,0.8828932261768083,0,134
distilgpt2,NF4-BnB,CFFR,0.1326061997703789,0.11710677382319168,0.14925373134328357,0,134
gpt2,FP16,FNF_rate,0.23195876288659795,0.1629153002526746,0.306984617248062,0,134
gpt2,FP16,FPF_rate,0.02260981912144703,0.01442364668715847,0.031270358306188926,0,134
gpt2,FP16,CFPR,0.9540757749712974,0.9414466130884042,0.9661308840413318,0,134
gpt2,FP16,CFFR,0.04592422502870264,0.03386911595866815,0.05855338691159584,0,134
gpt2,INT8-BnB,FNF_rate,0.6082474226804123,0.528731527093596,0.6849401988735135,0,134
gpt2,INT8-BnB,FPF_rate,0.056847545219638244,0.04330893209997177,0.07120050231780402,0,134
gpt2,INT8-BnB,CFPR,0.8817451205510907,0.8639494833524685,0.899540757749713,0,134
gpt2,INT8-BnB,CFFR,0.11825487944890933,0.10045924225028702,0.13605051664753154,0,134
gpt2,NF4-BnB,FNF_rate,0.7938144329896907,0.7360406091370558,0.8500066844919786,0,134
gpt2,NF4-BnB,FPF_rate,0.059431524547803614,0.046420494815716966,0.07390745501285347,0,134
gpt2,NF4-BnB,CFPR,0.8587830080367393,0.8392652123995408,0.8771526980482205,0,134
gpt2,NF4-BnB,CFFR,0.14121699196326065,0.12284730195177951,0.16073478760045923,0,134
gpt2-medium,FP16,FNF_rate,0.19811320754716982,0.11235430011550981,0.29269343986543306,0,134
gpt2-medium,FP16,FPF_rate,0.012836185819070905,0.006097375300793203,0.020282728948985862,0,134
gpt2-medium,FP16,CFPR,0.9758897818599311,0.9649827784156142,0.9856486796785304,0,134
gpt2-medium,FP16,CFFR,0.024110218140068862,0.014351320321469574,0.035017221584385805,0,134
gpt2-medium,INT8-BnB,FNF_rate,0.5660377358490566,0.4799897959183673,0.6542504672897194,0,134
gpt2-medium,INT8-BnB,FPF_rate,0.037897310513447434,0.027826502427866554,0.049021864731159485,0,134
gpt2-medium,INT8-BnB,CFPR,0.9299655568312285,0.9156142365097589,0.9437428243398392,0,134
gpt2-medium,INT8-BnB,CFFR,0.0700344431687715,0.05625717566016075,0.08438576349024107,0,134
gpt2-medium,NF4-BnB,FNF_rate,0.7264150943396226,0.6355888064971751,0.8148148148148148,0,134
gpt2-medium,NF4-BnB,FPF_rate,0.06968215158924206,0.0563033458202068,0.08415233415233415,0,134
gpt2-medium,NF4-BnB,CFPR,0.8903559127439724,0.8737083811710677,0.9070034443168772,0,134
gpt2-medium,NF4-BnB,CFFR,0.10964408725602759,0.09299655568312282,0.12629161882893225,0,134
biogpt,FP16,FNF_rate,0.0,0.0,0.0,0,134
biogpt,FP16,FPF_rate,0.0,0.0,0.0,0,134
biogpt,FP16,CFPR,1.0,1.0,1.0,0,134
biogpt,FP16,CFFR,0.0,0.0,0.0,0,134
biogpt,INT8-BnB,FNF_rate,0.171875,0.06976744186046512,0.2778100775193797,0,134
biogpt,INT8-BnB,FPF_rate,0.0029797377830750892,0.0005945214896393465,0.005973715651135006,0,134
biogpt,INT8-BnB,CFPR,0.9908151549942594,0.9850746268656716,0.9959816303099885,0,134
biogpt,INT8-BnB,CFFR,0.009184845005740572,0.0040183696900114585,0.014925373134328401,0,134
biogpt,NF4-BnB,FNF_rate,0.515625,0.35,0.6666666666666666,0,134
biogpt,NF4-BnB,FPF_rate,0.0077473182359952325,0.0029957162306702393,0.013205282112845138,0,134
biogpt,NF4-BnB,CFPR,0.9735935706084959,0.9609644087256027,0.9845005740528129,0,134
biogpt,NF4-BnB,CFFR,0.02640642939150406,0.015499425947187118,0.03903559127439726,0,134
pythia-1b,FP16,FNF_rate,0.0,0.0,0.0,0,134
pythia-1b,FP16,FPF_rate,0.0,0.0,0.0,0,134
pythia-1b,FP16,CFPR,1.0,1.0,1.0,0,134
pythia-1b,FP16,CFFR,0.0,0.0,0.0,0,134
pythia-1b,INT8-BnB,FNF_rate,0.15384615384615385,0.05084745762711865,0.25492476060191505,0,134
pythia-1b,INT8-BnB,FPF_rate,0.004770423375074538,0.0011947252982399828,0.008982440038938317,0,134
pythia-1b,INT8-BnB,CFPR,0.9896670493685419,0.9833381171067739,0.9954075774971297,0,134
pythia-1b,INT8-BnB,CFFR,0.010332950631458115,0.004592422502870286,0.01666188289322612,0,134
pythia-1b,NF4-BnB,FNF_rate,0.4307692307692308,0.26864761558063344,0.5789736842105262,0,134
pythia-1b,NF4-BnB,FPF_rate,0.01073345259391771,0.0058602448613033,0.016647096562900317,0,134
pythia-1b,NF4-BnB,CFPR,0.9735935706084959,0.9621125143513203,0.9839408725602754,0,134
pythia-1b,NF4-BnB,CFFR,0.02640642939150406,0.016059127439724596,0.03788748564867972,0,134
biogpt-large,FP16,FNF_rate,0.04838709677419355,0.0,0.13114754098360656,0,134
biogpt-large,FP16,FPF_rate,0.0,0.0,0.0,0,134
biogpt-large,FP16,CFPR,0.9982778415614236,0.9954075774971297,1.0,0,134
biogpt-large,FP16,CFFR,0.001722158438576371,0.0,0.004592422502870286,0,134
biogpt-large,INT8-BnB,FNF_rate,0.12903225806451613,0.047619047619047616,0.22810612597066415,0,134
biogpt-large,INT8-BnB,FPF_rate,0.004166666666666667,0.000598793436466385,0.008971560467581581,0,134
biogpt-large,INT8-BnB,CFPR,0.9913892078071183,0.9856486796785304,0.9965556831228473,0,134
biogpt-large,INT8-BnB,CFFR,0.008610792192881744,0.003444316877152742,0.014351320321469574,0,134
biogpt-large,NF4-BnB,FNF_rate,0.3548387096774194,0.21567873303167423,0.5,0,134
biogpt-large,NF4-BnB,FPF_rate,0.013095238095238096,0.006566870652695995,0.02037209095029406,0,134
biogpt-large,NF4-BnB,CFPR,0.9747416762342136,0.9626865671641791,0.985088978185993,0,134
biogpt-large,NF4-BnB,CFFR,0.025258323765786406,0.014911021814007053,0.03731343283582089,0,134
