model,config,reports,identical_text,diverged,flips,flips_in_identical_text,decided_after_divergence,revised_after_divergence,b,c,median_onset_word,median_onset_relative,early_b,early_c,middle_b,middle_c,late_b,late_c
distilgpt2,FP16,134,76,58,62,0,61,1,33,29,16.0,0.377,20,14,9,13,4,2
distilgpt2,INT8-BnB,134,11,123,187,0,187,0,84,103,6,0.14,76,93,6,6,2,4
distilgpt2,NF4-BnB,134,0,134,235,0,235,0,126,109,2.5,0.062,125,108,1,1,0,0
gpt2,FP16,134,58,76,80,0,79,1,37,43,17.5,0.44,25,27,11,14,1,2
gpt2,INT8-BnB,134,8,126,235,0,233,2,117,118,6.0,0.152,99,102,17,14,1,2
gpt2,NF4-BnB,134,0,134,261,0,261,0,144,117,2.0,0.04,144,116,0,1,0,0
gpt2-medium,FP16,134,76,58,50,0,50,0,27,23,21.5,0.518,16,17,9,4,2,2
gpt2-medium,INT8-BnB,134,7,127,157,0,157,0,89,68,8,0.174,79,61,10,3,0,4
gpt2-medium,NF4-BnB,134,2,132,246,0,246,0,107,139,2.5,0.057,106,133,1,4,0,2
biogpt,FP16,134,133,1,0,0,0,0,0,0,15,0.882,0,0,0,0,0,0
biogpt,INT8-BnB,134,108,26,22,0,22,0,5,17,6.5,0.506,1,6,2,4,2,7
biogpt,NF4-BnB,134,71,63,38,0,38,0,18,20,2,0.2,16,17,1,2,1,1
pythia-1b,FP16,134,132,2,5,0,5,0,1,4,5.0,0.395,0,2,0,0,1,2
pythia-1b,INT8-BnB,134,113,21,7,0,7,0,1,6,7,0.636,0,5,0,0,1,1
pythia-1b,NF4-BnB,134,79,55,49,0,49,0,23,26,3,0.269,17,18,5,7,1,1
biogpt-large,FP16,134,132,2,1,0,1,0,1,0,24.0,0.701,0,0,1,0,0,0
biogpt-large,INT8-BnB,134,92,42,20,0,20,0,8,12,5.0,0.447,5,8,3,1,0,3
biogpt-large,NF4-BnB,134,70,64,35,0,35,0,17,18,2.0,0.174,17,16,0,1,0,1
