model,config,latency_ms_per_report,batch_latency_ms_per_report_sd,reports_per_s,generated_tokens,tokens_per_s,ms_per_generated_token,peak_allocated_MiB,peak_reserved_MiB,quantized_linear_modules,fp32_checkpoint_weight_MiB,peak_allocated_reduction_pct,latency_ratio_vs_fp32,per_token_latency_ratio_vs_fp32
distilgpt2,FP32,38.66,2.84,25.87,7687,1483.8,0.674,459.4,492.0,0,312.5,0.0,1.0,1.0
distilgpt2,FP16,38.48,2.9,25.99,7676,1488.7,0.672,238.5,268.0,0,312.5,48.1,1.0,1.0
distilgpt2,INT8-BnB,101.9,8.07,9.81,7666,561.4,1.781,198.9,230.0,24,312.5,56.7,2.64,2.64
distilgpt2,NF4-BnB,70.79,5.67,14.13,7679,809.6,1.235,179.2,212.0,24,312.5,61.0,1.83,1.83
gpt2,FP32,67.9,5.46,14.73,7736,850.3,1.176,671.6,702.0,0,474.7,0.0,1.0,1.0
gpt2,FP16,66.4,5.08,15.06,7697,865.1,1.156,342.9,402.0,0,474.7,48.9,0.98,0.98
gpt2,INT8-BnB,197.85,15.22,5.05,7709,290.8,3.439,262.0,326.0,48,474.7,61.0,2.91,2.92
gpt2,NF4-BnB,131.36,9.99,7.61,7789,442.5,2.26,223.5,278.0,48,474.7,66.7,1.93,1.92
gpt2-medium,FP32,126.2,9.48,7.92,7383,436.6,2.29,1728.3,1876.0,0,1353.6,0.0,1.0,1.0
gpt2-medium,FP16,123.28,9.54,8.11,7228,437.5,2.286,870.9,952.0,0,1353.6,49.6,0.98,1.0
gpt2-medium,INT8-BnB,395.9,30.24,2.53,7498,141.3,7.075,584.1,670.0,96,1353.6,66.2,3.14,3.09
gpt2-medium,NF4-BnB,253.75,19.95,3.94,7651,225.0,4.444,457.9,544.0,96,1353.6,73.5,2.01,1.94
biogpt,FP32,53.97,22.51,18.53,1611,222.7,4.49,1627.4,1738.0,0,1322.8,0.0,1.0,1.0
biogpt,FP16,50.07,21.03,19.97,1589,236.8,4.222,812.1,914.0,0,1322.8,50.1,0.93,0.94
biogpt,INT8-BnB,277.86,104.05,3.6,1608,43.2,23.155,531.0,634.0,144,1322.8,67.4,5.15,5.16
biogpt,NF4-BnB,147.05,57.69,6.8,1548,78.6,12.73,396.9,512.0,144,1322.8,75.6,2.72,2.84
pythia-1b,FP32,56.89,19.19,17.58,1764,231.4,4.322,4287.8,4568.0,0,3859.7,0.0,1.0,1.0
pythia-1b,FP16,46.53,17.33,21.49,1761,282.5,3.54,2153.8,2238.0,0,3859.7,49.8,0.82,0.82
pythia-1b,INT8-BnB,153.5,62.2,6.51,1813,88.1,11.345,1404.4,1502.0,64,3859.7,67.2,2.7,2.62
pythia-1b,NF4-BnB,93.87,31.76,10.65,1784,141.8,7.051,1038.2,1128.0,64,3859.7,75.8,1.65,1.63
biogpt-large,FP32,109.06,36.83,9.17,1530,104.7,9.551,6820.1,7042.0,0,5993.7,0.0,1.0,1.0
biogpt-large,FP16,86.76,28.23,11.53,1494,128.5,7.782,3419.6,3574.0,0,5993.7,49.9,0.8,0.81
biogpt-large,INT8-BnB,410.85,150.92,2.43,1488,27.0,36.999,2004.5,2100.0,288,5993.7,70.6,3.77,3.87
biogpt-large,NF4-BnB,283.13,96.73,3.53,1618,42.6,23.448,1341.5,1498.0,288,5993.7,80.3,2.6,2.46
